-- phpMyAdmin SQL Dump
-- version 4.5.1
-- http://www.phpmyadmin.net
--
-- Servidor: 127.0.0.1
-- Tiempo de generación: 20-09-2017 a las 20:04:07
-- Versión del servidor: 5.7.19
-- Versión de PHP: 5.6.14

SET SQL_MODE = "NO_AUTO_VALUE_ON_ZERO";
SET time_zone = "+00:00";


/*!40101 SET @OLD_CHARACTER_SET_CLIENT=@@CHARACTER_SET_CLIENT */;
/*!40101 SET @OLD_CHARACTER_SET_RESULTS=@@CHARACTER_SET_RESULTS */;
/*!40101 SET @OLD_COLLATION_CONNECTION=@@COLLATION_CONNECTION */;
/*!40101 SET NAMES utf8mb4 */;

--
-- Base de datos: `empresa`
--

DELIMITER $$
--
-- Procedimientos
--
CREATE DEFINER=`root`@`localhost` PROCEDURE `get_alquiler` ()  BEGIN
SELECT tdifunto.id_difunto, tnicho.id_nicho,tdifunto.fecha_fallecimiento,id_nicho_detalle,tresponsable.idresponsable,tdifunto.id_difunto,nombrepasaje,categoria,nombre_cuartel,numero_nicho,nivel,tdifunto.nombre as tnombre,tdifunto.apellido as tapellido,tresponsable.Dni_responsable,tresponsable.nombre_responsable,tresponsable.apellido_responsable ,fecha_inicio,fecha_final,EstadoA,CONCAT("S/ ",tnicho_detalle.MontoAlquiler) as  MontoAlquiler,ROUND((DATEDIFF(CURRENT_TIMESTAMP,fecha_final)/365),0 )*precio_renovacion as  deuda FROM tnicho INNER JOIN tcuartel ON tnicho.id_cuartel=tcuartel.id_cuartel INNER JOIN tcategoria on tcategoria.id_categoria=tcuartel.id_categoria INNER JOIN pasaje ON pasaje.id_pasaje=tcuartel.id_pasaje INNER JOIN tnicho_detalle ON tnicho_detalle.id_nicho=tnicho.id_nicho INNER JOIN tdifunto ON tnicho_detalle.id_difunto=tdifunto.id_difunto INNER JOIN tresponsable ON tresponsable.idresponsable=tdifunto.idresponsable
where tnicho.estado=1  ORDER BY id_nicho_detalle DESC
;
END$$

CREATE DEFINER=`root`@`localhost` PROCEDURE `get_DifuntoBaja` ()  BEGIN
SELECT tnicho.id_nicho,tdifunto.fecha_fallecimiento,id_nicho_detalle,tresponsable.idresponsable,tdifunto.id_difunto,nombrepasaje,categoria,nombre_cuartel,numero_nicho,nivel,tdifunto.nombre as tnombre,tdifunto.apellido as tapellido,tresponsable.Dni_responsable,tresponsable.nombre_responsable,tresponsable.apellido_responsable ,fecha_inicio,fecha_final,EstadoA,CONCAT("S/ ",tnicho_detalle.MontoAlquiler) as  MontoAlquiler FROM tnicho INNER JOIN tcuartel ON tnicho.id_cuartel=tcuartel.id_cuartel INNER JOIN tcategoria on tcategoria.id_categoria=tcuartel.id_categoria INNER JOIN pasaje ON pasaje.id_pasaje=tcuartel.id_pasaje INNER JOIN tnicho_detalle ON tnicho_detalle.id_nicho=tnicho.id_nicho INNER JOIN tdifunto ON tnicho_detalle.id_difunto=tdifunto.id_difunto INNER JOIN tresponsable ON tresponsable.idresponsable=tdifunto.idresponsable
where tnicho_detalle.Estado_AD=0  ORDER BY id_nicho_detalle DESC
;
END$$

CREATE DEFINER=`root`@`localhost` PROCEDURE `get_renovacion` ()  BEGIN
SELECT id_nicho_detalle,(DATEDIFF(CURRENT_TIMESTAMP,fecha_final)/365) as CantidadAnios,precio_renovacion,(DATEDIFF(CURRENT_TIMESTAMP,fecha_final)/365)*precio_renovacion as deuda from tnicho_detalle inner join tnicho on tnicho_detalle.id_nicho=tnicho.id_nicho where EstadoA=0 and (DATEDIFF(CURRENT_TIMESTAMP,fecha_final)/365)>=1 order by id_nicho_detalle asc
;
END$$

CREATE DEFINER=`root`@`localhost` PROCEDURE `sp_actualizarprecios` (IN `id_cuartel` INT(8), IN `nivel` INT, IN `precio` FLOAT, IN `precioRenovacion` FLOAT)  begin
UPDATE tnicho inner join tcuartel on tcuartel.id_cuartel=tnicho.id_cuartel 
SET tnicho.precio =precio,
	tnicho.precio_renovacion =precioRenovacion
WHERE tcuartel.id_cuartel=id_cuartel and tnicho.nivel=nivel;   
end$$

CREATE DEFINER=`root`@`localhost` PROCEDURE `sp_alquiler_c` (IN `Dni_responsable` INT(8), IN `nombre_responsable` VARCHAR(200), IN `apellido_responsable` VARCHAR(120), IN `Direccion_responsable` VARCHAR(120), IN `nombre` VARCHAR(120), IN `apellido` VARCHAR(120), IN `fecha_entierro` DATE, IN `id_usuario` INT(11), IN `id_nicho` INT(11), IN `fecha_inicio` DATE, IN `fecha_final` DATE, IN `Detalle_alquiler` VARCHAR(200), IN `MontoAlquiler` FLOAT(8))  begin
DECLARE  fechaHI DATE;
DECLARE  fechaHF DATE;
DECLARE estado int; DECLARE EstadoA int;  DECLARE Estado_AD int;
set estado=1; set EstadoA=1; set Estado_AD=1; 	insert into tresponsable(Dni_responsable,nombre_responsable,apellido_responsable,Direccion_responsable) values (Dni_responsable,nombre_responsable,apellido_responsable,Direccion_responsable);
    SET @ultimoresponsable:=(SELECT MAX(idresponsable) FROM tresponsable);
	insert into tdifunto(nombre,apellido,fecha_fallecimiento,estado,idresponsable,id_usuario) values (nombre,apellido,fecha_fallecimiento,estado,@ultimoresponsable,id_usuario);
	SET @ultimodifunto:=(SELECT MAX(id_difunto) FROM tdifunto);	
    insert into tnicho_detalle(id_difunto,id_nicho,fecha_inicio,fecha_final,EstadoA,Estado_AD,Detalle_alquiler,MontoAlquiler) values (@ultimodifunto,id_nicho,fecha_inicio,fecha_final,EstadoA,Estado_AD,Detalle_alquiler,MontoAlquiler);
	SET @ultimonichodetalle:=(SELECT MAX(id_nicho_detalle) FROM tnicho_detalle);	
    SET fechaHI=fecha_inicio;
    SET fechaHF=fecha_final;
	insert into thistorial(id_nicho_detalle,fechaih,fechafh,montoRenovacion) values (@ultimonichodetalle,fechaHI,fechaHF,MontoAlquiler);
UPDATE tnicho
SET tnicho.estado =1
WHERE tnicho.id_nicho=id_nicho;  
  
end$$

CREATE DEFINER=`root`@`localhost` PROCEDURE `sp_boletarenovacion` (IN `id_nicho_detalle` INT(8))  begin
select id_nicho_detalle,concat(tdifunto.nombre,' ',tdifunto.apellido)as difunto, concat (tresponsable.nombre_responsable,' ',tresponsable.apellido_responsable)as responsable,tcuartel.nombre_cuartel,tnicho.numero_nicho,tnicho.nivel,tnicho_detalle.fecha_final,tnicho_detalle.fecha_inicio,(tnicho_detalle.fecha_final-tnicho_detalle.fecha_inicio) as anios,precio_renovacion,((tnicho_detalle.fecha_final-tnicho_detalle.fecha_inicio)*precio_renovacion)as pago, CURDATE()as fechaactual from tnicho_detalle inner join tnicho on tnicho_detalle.id_nicho=tnicho.id_nicho inner join tdifunto on tnicho_detalle.id_difunto=tdifunto.id_difunto inner join tcuartel on tcuartel.id_cuartel=tnicho.id_cuartel inner join tresponsable on tdifunto.idresponsable=tresponsable.idresponsable where tnicho_detalle.id_nicho_detalle=id_nicho_detalle;
end$$

CREATE DEFINER=`root`@`localhost` PROCEDURE `sp_ControlAlquiler` ()  BEGIN
UPDATE tnicho_detalle set EstadoA='0' where (CURRENT_TIMESTAMP>fecha_final);
END$$

CREATE DEFINER=`root`@`localhost` PROCEDURE `sp_ControlAlquilerRenovar` ()  BEGIN
UPDATE tnicho_detalle set EstadoA='1' where (CURRENT_TIMESTAMP<fecha_final);
END$$

CREATE DEFINER=`root`@`localhost` PROCEDURE `sp_cuartel_r` ()  BEGIN
SELECT tcuartel.id_cuartel, tcategoria.categoria, pasaje.nombrepasaje,tcuartel.nombre_cuartel FROM tcuartel inner join pasaje on tcuartel.id_pasaje=pasaje.id_pasaje inner join tcategoria on tcuartel.id_categoria=tcategoria.id_categoria;
END$$

CREATE DEFINER=`root`@`localhost` PROCEDURE `sp_deuda` (IN `idDetalle` INT)  begin 
    SELECT id_nicho_detalle,TRUNCATE((DATEDIFF(CURRENT_TIMESTAMP,fecha_final)/365),0) as CantidadAnios,precio_renovacion,truncate((DATEDIFF(CURRENT_TIMESTAMP,fecha_final)/365),0)*precio_renovacion as deuda,fecha_final,CURRENT_TIMESTAMP as fechaSistema  from tnicho_detalle inner join tnicho on tnicho_detalle.id_nicho=tnicho.id_nicho where EstadoA=0 and (DATEDIFF(CURRENT_TIMESTAMP,fecha_final)/365)>=1 and tnicho_detalle.id_nicho_detalle=idDetalle order by tnicho_detalle.id_nicho_detalle asc;
end$$

CREATE DEFINER=`root`@`localhost` PROCEDURE `sp_factura` ()  BEGIN
SET @ultimoiddetalle:=(SELECT MAX(tnicho_detalle.id_nicho_detalle) FROM tnicho_detalle);
SELECT nombrepasaje,categoria,nombre_cuartel,numero_nicho,nivel,CONCAT(tdifunto.nombre," ",tdifunto.apellido) as nombre,CONCAT(tresponsable.nombre_responsable," ",tresponsable.apellido_responsable) as responsable,fecha_inicio,fecha_final,EstadoA,CONCAT("S/ ",tnicho_detalle.MontoAlquiler) as  MontoAlquiler FROM tnicho INNER JOIN tcuartel ON tnicho.id_cuartel=tcuartel.id_cuartel INNER JOIN tcategoria on tcategoria.id_categoria=tcuartel.id_categoria INNER JOIN pasaje ON pasaje.id_pasaje=tcuartel.id_pasaje INNER JOIN tnicho_detalle ON tnicho_detalle.id_nicho=tnicho.id_nicho INNER JOIN tdifunto ON tnicho_detalle.id_difunto=tdifunto.id_difunto INNER JOIN tresponsable ON tresponsable.idresponsable=tdifunto.idresponsable where tnicho_detalle.id_nicho_detalle=@ultimoiddetalle;
END$$

CREATE DEFINER=`root`@`localhost` PROCEDURE `sp_gant_r` ()  BEGIN
SELECT duration,id,open,parent,progress,sortorder,DATE_FORMAT(start_date,"%d-%m-%Y") AS start_date,text  FROM gantt_tasks;
END$$

CREATE DEFINER=`root`@`localhost` PROCEDURE `sp_nichos` (IN `id_cuartel` INT(8), IN `nivel` INT(8))  begin SELECT* FROM tnicho
WHERE tnicho.id_cuartel=id_cuartel and tnicho.nivel=nivel;
end$$

CREATE DEFINER=`root`@`localhost` PROCEDURE `sp_nichos_r` ()  BEGIN
SELECT tcuartel.nombre_cuartel,tnicho.numero_nicho,tnicho.nivel from tcuartel inner join tnicho on tcuartel.id_cuartel=tnicho.id_cuartel;
END$$

CREATE DEFINER=`root`@`localhost` PROCEDURE `sp_niveles` (IN `id_cuartel` INT(8))  begin 
    SELECT DISTINCT nivel FROM tnicho 
    WHERE tnicho.id_cuartel=id_cuartel ORDER BY  nivel ASC;
end$$

CREATE DEFINER=`root`@`localhost` PROCEDURE `sp_reportecaja` (IN `fecha1` DATE, IN `fecha2` DATE)  BEGIN
SELECT nombrepasaje,categoria,nombre_cuartel,numero_nicho,nivel,CONCAT(tdifunto.nombre," ",tdifunto.apellido) as nombre,CONCAT(tresponsable.nombre_responsable," ",tresponsable.apellido_responsable) as responsable,fecha_inicio,fecha_final,EstadoA,tnicho_detalle.MontoAlquiler as  MontoAlquiler FROM tnicho INNER JOIN tcuartel ON tnicho.id_cuartel=tcuartel.id_cuartel INNER JOIN tcategoria on tcategoria.id_categoria=tcuartel.id_categoria INNER JOIN pasaje ON pasaje.id_pasaje=tcuartel.id_pasaje INNER JOIN tnicho_detalle ON tnicho_detalle.id_nicho=tnicho.id_nicho INNER JOIN tdifunto ON tnicho_detalle.id_difunto=tdifunto.id_difunto INNER JOIN tresponsable ON tresponsable.idresponsable=tdifunto.idresponsable where tnicho_detalle.fecha_inicio BETWEEN fecha1 and fecha2;
END$$

CREATE DEFINER=`root`@`localhost` PROCEDURE `sp_reportenichosdisponibles` ()  BEGIN
select pasaje.nombrepasaje,tcategoria.categoria, tcuartel.nombre_cuartel, tnicho.numero_nicho, tnicho.nivel from tnicho inner join tcuartel on tcuartel.id_cuartel=tnicho.id_cuartel inner join pasaje on tcuartel.id_pasaje=pasaje.id_pasaje inner join tcategoria on tcategoria.id_categoria=tcuartel.id_categoria where tnicho.estado=0;
END$$

CREATE DEFINER=`root`@`localhost` PROCEDURE `sp_reportevencidos` ()  BEGIN
select tcuartel.nombre_cuartel,tnicho.numero_nicho, concat(tdifunto.nombre,' ',tdifunto.apellido)as nombre, tnicho_detalle.fecha_inicio, tnicho_detalle.fecha_final, concat('VENCIDO') as Estado from tnicho_detalle inner join tnicho on tnicho.id_nicho=tnicho_detalle.id_nicho inner join tcuartel on tcuartel.id_cuartel=tnicho.id_cuartel inner join tdifunto on tdifunto.id_difunto=tnicho_detalle.id_difunto where tnicho_detalle.EstadoA=0 and tnicho_detalle.Estado_AD=1 ORDER BY(tcuartel.nombre_cuartel) DESC
;
END$$

CREATE DEFINER=`root`@`localhost` PROCEDURE `sp_usuarios` ()  begin 
    SELECT* FROM usuarios;
end$$

CREATE DEFINER=`root`@`localhost` PROCEDURE `sp_usuarios_u` (IN `id_user` VARCHAR(120), IN `nombres` VARCHAR(200), IN `apellidos` VARCHAR(200), IN `email` VARCHAR(120), IN `tipo_usuario` VARCHAR(120))  begin 
    UPDATE usuarios SET nombres=nombres,apellidos=apellidos,email=email,tipo_usuario=tipo_usuario 
    WHERE id_usuario=id_user;
end$$

CREATE DEFINER=`root`@`localhost` PROCEDURE `sp_usuario_c` (IN `nombres` VARCHAR(200), IN `apellidos` VARCHAR(200), IN `email` VARCHAR(120), IN `password` VARCHAR(120), IN `tipo_usuario` VARCHAR(120))  begin
	insert into usuarios(nombres,apellidos,email,password,tipo_usuario,photo) values (nombres,apellidos,email,password,tipo_usuario,'');
end$$

CREATE DEFINER=`root`@`localhost` PROCEDURE `updateAlquilerDeuda_U` (IN `id_detalleNicho` VARCHAR(120), IN `fechaActRenova` VARCHAR(200), IN `precio_renovacion` DECIMAL(10,0))  begin 
    UPDATE tnicho_detalle SET fecha_inicio=fechaActRenova, fecha_final =fechaActRenova, 
    Detalle_alquiler ='Monto Cancelado',
    MontoAlquiler = precio_renovacion
    where id_nicho_detalle = id_detalleNicho;
end$$

DELIMITER ;

-- --------------------------------------------------------

--
-- Estructura de tabla para la tabla `empleados`
--

CREATE TABLE `empleados` (
  `id_empleado` int(11) NOT NULL,
  `nombres_empleado` varchar(150) NOT NULL,
  `apellidos_empleado` varchar(150) NOT NULL,
  `dni_empleado` varchar(10) NOT NULL,
  `telefono_empleado` varchar(10) NOT NULL,
  `email_empleado` varchar(100) NOT NULL,
  `foto_empleado` varchar(255) NOT NULL,
  `id_usuario` int(11) NOT NULL
) ENGINE=InnoDB DEFAULT CHARSET=utf8;

--
-- Volcado de datos para la tabla `empleados`
--

INSERT INTO `empleados` (`id_empleado`, `nombres_empleado`, `apellidos_empleado`, `dni_empleado`, `telefono_empleado`, `email_empleado`, `foto_empleado`, `id_usuario`) VALUES
(2, 'michael', 'alex', '1232323', '3123213', 'tania1112034@hotmail.com', '', 38);

-- --------------------------------------------------------

--
-- Estructura de tabla para la tabla `factura`
--

CREATE TABLE `factura` (
  `id_factura` int(11) NOT NULL,
  `id_difunto` int(11) NOT NULL,
  `id_nicho_detalle` int(11) NOT NULL,
  `id_tipo_servicio` varchar(120) DEFAULT NULL,
  `fecha` varchar(120) NOT NULL,
  `fechaf` varchar(120) NOT NULL,
  `descripcion` varchar(200) NOT NULL,
  `monto` float NOT NULL,
  `timestam` timestamp NOT NULL DEFAULT CURRENT_TIMESTAMP ON UPDATE CURRENT_TIMESTAMP
) ENGINE=InnoDB DEFAULT CHARSET=latin1;

-- --------------------------------------------------------

--
-- Estructura de tabla para la tabla `gantt_tasks`
--

CREATE TABLE `gantt_tasks` (
  `id` int(11) NOT NULL,
  `start_date` date NOT NULL,
  `duration` int(11) NOT NULL,
  `text` varchar(120) NOT NULL,
  `progress` float NOT NULL,
  `sortorder` int(11) NOT NULL,
  `parent` int(11) NOT NULL,
  `open` varchar(120) NOT NULL
) ENGINE=InnoDB DEFAULT CHARSET=latin1;

--
-- Volcado de datos para la tabla `gantt_tasks`
--

INSERT INTO `gantt_tasks` (`id`, `start_date`, `duration`, `text`, `progress`, `sortorder`, `parent`, `open`) VALUES
(1, '2017-04-01', 28, 'michael nuevo ingreso ', 0.8, 20, 0, 'true'),
(2, '2017-04-12', 10, 'michael nuevo ingreso dfsdf', 12, 1, 1, '0'),
(3, '2017-04-15', 5, 'nuevo etapa', 4, 1, 1, 'true');

-- --------------------------------------------------------

--
-- Estructura de tabla para la tabla `pasaje`
--

CREATE TABLE `pasaje` (
  `id_pasaje` int(11) NOT NULL,
  `nombrepasaje` varchar(100) NOT NULL
) ENGINE=InnoDB DEFAULT CHARSET=latin1;

--
-- Volcado de datos para la tabla `pasaje`
--

INSERT INTO `pasaje` (`id_pasaje`, `nombrepasaje`) VALUES
(0, 'Av. San Pedro'),
(1, 'Delfina'),
(2, 'Isaias'),
(3, 'San Ezequiel'),
(4, 'Santo Tomas de Aquino'),
(5, 'San Juan 1'),
(6, 'Madre Teresa de Calcuta'),
(7, 'San Marcos'),
(8, 'San Lucas'),
(9, 'Jesús de Nazaret'),
(10, 'Virgen Inmaculada'),
(11, 'Señor de la Caida'),
(12, 'Señor de Illanya'),
(13, 'Juan Pablo II'),
(14, 'Petriconi'),
(15, 'Señor de Exaltación'),
(16, 'Santa Rosa'),
(17, 'Virgen del Rosario'),
(18, 'Señor de la Concordia'),
(19, 'Virgen Caipe'),
(20, 'Virgen María Auxiliadora'),
(21, 'Virgen de Cocharcas'),
(22, 'Señor de los Milagros'),
(23, 'Las Carmelitas'),
(24, 'Virgilio Carpio'),
(25, 'San Judas'),
(26, 'San Simon'),
(27, 'San Tadeo'),
(28, 'San Juan 2'),
(29, 'Virgen de Natividad'),
(30, 'Moises'),
(31, 'San Andres'),
(32, 'San Antonio'),
(33, 'OTROS');

-- --------------------------------------------------------

--
-- Estructura de tabla para la tabla `tcategoria`
--

CREATE TABLE `tcategoria` (
  `id_categoria` int(11) NOT NULL,
  `categoria` varchar(50) NOT NULL
) ENGINE=InnoDB DEFAULT CHARSET=latin1;

--
-- Volcado de datos para la tabla `tcategoria`
--

INSERT INTO `tcategoria` (`id_categoria`, `categoria`) VALUES
(1, 'Primera  categoría adultos'),
(2, 'Segunda categoría adultos'),
(3, 'Tercera categoría adultos'),
(4, 'Primera categoría niños'),
(5, 'Segunda categoría niños');

-- --------------------------------------------------------

--
-- Estructura de tabla para la tabla `tcuartel`
--

CREATE TABLE `tcuartel` (
  `id_cuartel` int(11) NOT NULL,
  `nombre_cuartel` varchar(100) NOT NULL,
  `id_categoria` int(11) NOT NULL,
  `id_pasaje` int(11) NOT NULL
) ENGINE=InnoDB DEFAULT CHARSET=latin1;

--
-- Volcado de datos para la tabla `tcuartel`
--

INSERT INTO `tcuartel` (`id_cuartel`, `nombre_cuartel`, `id_categoria`, `id_pasaje`) VALUES
(61, 'JUAN PABLO II', 1, 23),
(62, 'VIRGEN INMACULADA', 1, 2),
(63, 'SEÑOR DE ANIMAS', 1, 18),
(64, 'SEÑOR DE EXALTACIÓN', 1, 0),
(65, 'SANTA ROSA', 1, 14),
(66, 'SAN PEDRO', 1, 29),
(67, 'MADRE TERESA DE CALCUTA', 1, 24),
(68, 'VIRGEN DE LA PIEDAD', 2, 7),
(69, 'NUESTRA SEÑORA DEL ROSARIO', 2, 7),
(70, 'SEÑOR DE LOS MILAGROS', 2, 4),
(71, 'SAN FRANCISCO DE ASIS', 2, 4),
(72, 'SAN JUAN DE DIOS I', 2, 4),
(73, 'SEÑOR DE LA CAIDA I', 2, 4),
(74, 'SEÑOR DE HUANCA', 2, 4),
(75, 'NUESTRA SEÑORA DEL CARMEN', 2, 3),
(76, 'SANTA LUCIA', 2, 3),
(77, 'SAN ISIDRO', 2, 1),
(78, 'SAN LAZARO', 2, 1),
(79, 'JUSTO JUEZ', 2, 30),
(80, 'SANTA ELENA ANTIGUO I', 3, 6),
(81, 'SAN MARTIN DE PORRAS I', 3, 1),
(82, 'SANTA ELENA NUEVO', 3, 1),
(83, 'SAN LUIS', 4, 16),
(84, 'NIÑO CORAZÓN DE JESUS', 5, 31),
(85, 'LOS ANGELES I', 5, 30),
(86, 'OSEOS I', 3, 32),
(87, 'JESÚS DE NAZARET', 1, 24),
(88, 'LUIS CESAR PETRICONI', 1, 4),
(89, 'SAN JOSÉ', 3, 2),
(90, 'SAN MARTIN DE PORRAS II', 1, 1),
(91, 'SAN MARTÍN DE PORRAS III', 1, 1),
(92, 'SAN MARTIN DE PORRAS IV', 1, 1),
(93, 'SAN MARTIN DE PORRAS V', 1, 1),
(94, 'SAN FRANCISCO ', 2, 4),
(95, 'SANTA ELENA ANTIGUO III', 3, 1),
(96, 'SANTA ELENA ANTIGUO II', 3, 1),
(97, 'SEÑOR DE LA CAÍDA II', 2, 4),
(98, 'OSEOS II', 3, 32),
(99, 'OSEOS III', 3, 33),
(100, 'OSEOS IV', 3, 33),
(101, 'NIÑO JESÚS DE PRAGA I', 6, 33),
(102, 'NIÑO JESÚS DE PRAGA II', 6, 33),
(103, 'NIÑO JESUS DE PRAGA III', 6, 33),
(104, 'NIÑO JESÚS DE PRAGA IV', 6, 33),
(105, 'NIÑO JESÚS DE PRAGA V', 6, 33),
(106, 'NIÑO JESÚS DE PRAGA VI', 6, 33),
(107, 'LOS ANGELES II', 2, 30),
(108, 'SAN JUAN DE DIOS II', 2, 4),
(109, 'SAN FRANCICO II', 2, 4);

-- --------------------------------------------------------

--
-- Estructura de tabla para la tabla `tdifunto`
--

CREATE TABLE `tdifunto` (
  `id_difunto` int(11) NOT NULL,
  `nombre` varchar(120) NOT NULL,
  `apellido` varchar(120) NOT NULL,
  `fecha_fallecimiento` varchar(120) NOT NULL,
  `estado` int(11) NOT NULL,
  `idresponsable` int(11) NOT NULL,
  `id_usuario` int(11) NOT NULL
) ENGINE=InnoDB DEFAULT CHARSET=latin1;

--
-- Volcado de datos para la tabla `tdifunto`
--

INSERT INTO `tdifunto` (`id_difunto`, `nombre`, `apellido`, `fecha_fallecimiento`, `estado`, `idresponsable`, `id_usuario`) VALUES
(2373, 'trabajo nuevo', 'trabajo', '', 1, 69, 41),
(2374, 'wadas', 'asdasd', '', 1, 70, 41),
(2375, 'angel', 'asd', '', 1, 71, 41),
(2376, 'qweqw', 'qweqwe', '', 1, 72, 41),
(2377, 'angel', 'navarro', '', 1, 73, 41),
(2378, 'qwe', 'qwe', '', 1, 74, 41),
(2379, 'nuevo qwwqe', 'wer', '', 1, 75, 41),
(2380, 'wew', 'wer', '', 1, 76, 41),
(2381, 'wqe', 'qwe', '', 1, 77, 41);

-- --------------------------------------------------------

--
-- Estructura de tabla para la tabla `tecnico`
--

CREATE TABLE `tecnico` (
  `idtecnico` char(12) NOT NULL,
  `dni` varchar(8) NOT NULL,
  `nombre` varchar(50) NOT NULL,
  `apellido` varchar(50) NOT NULL,
  `direccion` varchar(50) NOT NULL,
  `telefono` varchar(9) NOT NULL,
  `correo` varchar(70) NOT NULL,
  `estado` varchar(30) NOT NULL,
  `login` varchar(50) NOT NULL,
  `clave` varchar(50) NOT NULL,
  `tipo` varchar(50) NOT NULL,
  `especialidad` varchar(120) NOT NULL
) ENGINE=InnoDB DEFAULT CHARSET=latin1;

--
-- Volcado de datos para la tabla `tecnico`
--

INSERT INTO `tecnico` (`idtecnico`, `dni`, `nombre`, `apellido`, `direccion`, `telefono`, `correo`, `estado`, `login`, `clave`, `tipo`, `especialidad`) VALUES
('6', '', 'admin', 'admini', 'Av. Arenas 121', '-', 'coreo', '', 'admin', 'administrador', 'AD', '-'),
('7', '', 'tesorera', 'tesorera', 'Av. Arenas 121', '-', 'coreo', '', 'tesorera', 'tesorera', 'T', '-'),
('8', '', 'Javier Victor', 'Cardenas Ochoa', 'Prolong Arica 600', '983664333', 'coreo', '', 'javier', 'javier', 'AD', '-');

-- --------------------------------------------------------

--
-- Estructura de tabla para la tabla `thistorial`
--

CREATE TABLE `thistorial` (
  `id_historial` int(11) NOT NULL,
  `id_nicho_detalle` int(11) NOT NULL,
  `fechaih` varchar(120) NOT NULL,
  `fechafh` varchar(120) NOT NULL,
  `montoRenovacion` int(11) NOT NULL
) ENGINE=InnoDB DEFAULT CHARSET=latin1;

--
-- Volcado de datos para la tabla `thistorial`
--

INSERT INTO `thistorial` (`id_historial`, `id_nicho_detalle`, `fechaih`, `fechafh`, `montoRenovacion`) VALUES
(2362, 2347, '2015-09-09', '2017-09-09', 1300),
(2363, 2348, '2017-09-09', '2020-09-09', 1600),
(2364, 2349, '2017-09-05', '2018-09-09', 1300),
(2365, 2350, '2017-09-09', '2019-09-09', 140),
(2366, 2351, '2017-09-12', '2019-09-12', 1300),
(2367, 2351, '2019-09-12', '2022-12-09', 130),
(2368, 2352, '2015-02-14', '2017-09-12', 400),
(2369, 2351, '2022-12-09', '2025-09-12', 130),
(2370, 2351, '2025-09-12', '2030-12-09', 130),
(2371, 2351, '2030-12-09', '2032-09-12', 260),
(2372, 2353, '2017-09-17', '2019-09-17', 1400),
(2373, 2354, '2017-09-17', '2019-09-17', 900),
(2374, 2355, '2017-09-17', '2018-09-17', 1300),
(2375, 2356, '2017-09-17', '2019-09-17', 1600),
(2376, 2356, '2019-09-17', '2019-17-09', 0),
(2377, 2355, '2018-09-17', '2041-17-09', 2990),
(2378, 2357, '2017-09-07', '2018-09-17', 1600),
(2379, 2355, '2041-17-09', '1972-01-01', 260),
(2380, 2357, '2018-09-17', '2018-17-09', 0),
(2381, 2357, '2018-17-09', '1970-01-01', 0),
(2382, 2357, '2018-17-09', '1970-01-01', 0),
(2383, 2357, '2018-01-01', '2018-01-01', 7520),
(2384, 2356, '2019-17-09', '1972-01-01', 320),
(2385, 2356, '2018-01-01', '2018-01-01', 7200),
(2386, 2356, '2018-01-01', '2020-01-01', 320),
(2387, 2355, '2018-01-01', '2018-01-01', 5850),
(2388, 2355, '2018-01-01', '2020-01-01', 260);

-- --------------------------------------------------------

--
-- Estructura de tabla para la tabla `tipo_servicio`
--

CREATE TABLE `tipo_servicio` (
  `id_tipo_servicio` int(11) NOT NULL,
  `Descripcion` varchar(200) DEFAULT NULL,
  `Precio` varchar(10) DEFAULT NULL,
  `id_servicios` int(11) DEFAULT NULL
) ENGINE=InnoDB DEFAULT CHARSET=latin1;

--
-- Volcado de datos para la tabla `tipo_servicio`
--

INSERT INTO `tipo_servicio` (`id_tipo_servicio`, `Descripcion`, `Precio`, `id_servicios`) VALUES
(1, 'nichos de primera', '140', 1),
(2, 'nichos de segunda', '120', 1),
(3, 'nichos de tercera', '100', 1),
(4, 'nichos de primera', '100', 2),
(5, 'nichos de segunda', '80', 2),
(9, 'Autorizacion para colocacion de lapidas y otros', '35', 4),
(10, 'Autorización para colocación de vidrios', '25', 4),
(11, 'Autorización para colocacion de puertas', '55', 4),
(12, 'Autorización para mayolicas a nichos', '10', 4),
(13, 'Consumo de agua para la construcción', '10', 4),
(14, 'Autorización para fusión de nichos', '150', 4),
(15, 'Consumo de luz para colocación de puertas', '20', 4),
(16, 'Exhumación ', '50', 4),
(17, 'Autorización de colocación de mayolicas a mausoleos', '50', 4),
(18, 'Derecho de ingreso a cuartel privado', '800', 5),
(19, 'Derecho de ingreso a mausoleo (boca nicho)', '650', 5),
(20, 'Derecho de ingreso a mausoleo (cuerpo entero)', '750', 5),
(21, 'Derecho de ingreso a mausoleo oseo', '350', 5),
(24, 'Traslado de afuera para adentro oseo', '350', 12),
(25, 'Traslado externo para afuera', '200', 12),
(29, 'Traslado de nicho a nicho institu.', '250', 6),
(31, '1M2', '1500', 7),
(32, 'Autorización para transferencia de lote de terreno', NULL, 8),
(33, 'Autorización para transferencia de lote de terreno', NULL, 8),
(34, 'Derecho de resolución al nuevo dueño 1x3m2', '120', 8),
(35, 'Derecho de resolución al nuevo dueño 2x3m2', '175', 8),
(36, 'Derecho de resolución al nuevo dueño 3x2', '230', 8),
(37, 'Derecho de resolución del terreno de 9M2', '350', 8),
(38, 'Autorización para la construcción de mausoleo 1x3', '150', 9),
(39, 'Autorización para la construcción de mausoleo 2x3', '250', 9),
(40, 'Autorización para la construcción de mausoleo 3x3', '350', 9),
(41, 'Autorización para construccion de cuartel privado 8X3', '1250', 9),
(42, 'Autorización de modificación de mausoleo', NULL, 9),
(43, 'Formulario unico', '1', 10),
(44, 'Pago por certificado', '12', 10),
(45, 'Búsqueda de archivo', '15', 10),
(46, 'Carta de compromiso según área de construcción 1x3', '20', 10),
(47, 'Carta de compromiso según área de construcción 2x3', '30', 10),
(48, 'Carta de compromiso según área de construcción 3x3', '40', 10),
(49, 'Carta de compromiso según área de construcción 9M2 a más', '150', 10),
(50, 'Por una noche', '0', 11),
(51, 'Por dos noches', '0', 11),
(52, 'Adquirir un nicho', '0', 4),
(53, '', '', 1);

-- --------------------------------------------------------

--
-- Estructura de tabla para la tabla `tnicho`
--

CREATE TABLE `tnicho` (
  `id_nicho` int(11) NOT NULL,
  `numero_nicho` varchar(200) NOT NULL,
  `id_cuartel` int(11) NOT NULL,
  `nivel` int(11) NOT NULL,
  `precio` float NOT NULL,
  `precio_renovacion` float NOT NULL,
  `estado` int(11) NOT NULL
) ENGINE=InnoDB DEFAULT CHARSET=latin1;

--
-- Volcado de datos para la tabla `tnicho`
--

INSERT INTO `tnicho` (`id_nicho`, `numero_nicho`, `id_cuartel`, `nivel`, `precio`, `precio_renovacion`, `estado`) VALUES
(25, '01', 82, 5, 900, 90, 0),
(26, '02', 82, 5, 900, 90, 1),
(27, '03', 82, 5, 900, 90, 0),
(28, '04', 82, 5, 900, 90, 0),
(29, '05', 82, 5, 900, 90, 0),
(30, '06', 82, 5, 900, 90, 0),
(31, '07', 82, 5, 900, 90, 0),
(32, '08', 82, 5, 900, 90, 0),
(33, '09', 82, 5, 900, 90, 0),
(34, '10', 82, 5, 900, 90, 0),
(35, '11', 82, 4, 950, 95, 0),
(36, '12', 82, 4, 950, 95, 0),
(37, '13', 82, 4, 950, 95, 0),
(38, '14', 82, 4, 950, 95, 0),
(39, '15', 82, 4, 950, 95, 0),
(40, '16', 82, 4, 950, 95, 0),
(41, '17', 82, 4, 950, 95, 0),
(42, '18', 82, 4, 950, 95, 0),
(43, '19', 82, 4, 950, 95, 0),
(44, '20', 82, 4, 950, 95, 0),
(45, '21', 82, 3, 1100, 110, 0),
(46, '22', 82, 3, 1100, 110, 0),
(47, '23', 82, 3, 1100, 110, 0),
(48, '24', 82, 3, 1100, 110, 0),
(49, '25', 82, 3, 1100, 110, 0),
(50, '26', 82, 3, 1100, 110, 0),
(51, '27', 82, 3, 1100, 110, 0),
(52, '28', 82, 3, 1100, 110, 0),
(53, '29', 82, 3, 1100, 110, 0),
(54, '30', 82, 3, 1100, 110, 0),
(55, '31', 82, 2, 1000, 100, 0),
(56, '32', 82, 2, 1000, 100, 0),
(57, '33', 82, 2, 1000, 100, 0),
(58, '34', 82, 2, 1000, 100, 0),
(59, '35', 82, 2, 1000, 100, 0),
(60, '36', 82, 2, 1000, 100, 0),
(61, '37', 82, 2, 1000, 100, 0),
(62, '38', 82, 2, 1000, 100, 0),
(63, '39', 82, 2, 1000, 100, 0),
(64, '40', 82, 2, 1000, 100, 0),
(65, '41', 82, 1, 950, 95, 0),
(66, '42', 82, 1, 950, 95, 0),
(67, '43', 82, 1, 950, 95, 0),
(68, '44', 82, 1, 950, 95, 0),
(69, '45', 82, 1, 950, 95, 0),
(70, '01', 80, 4, 950, 95, 0),
(71, '02', 80, 4, 950, 95, 0),
(72, '03', 80, 4, 950, 95, 0),
(73, '04', 80, 4, 950, 95, 0),
(74, '05', 80, 4, 950, 95, 0),
(75, '06', 80, 4, 950, 95, 0),
(76, '07', 80, 4, 950, 95, 0),
(77, '08', 80, 4, 950, 95, 0),
(78, '09', 80, 4, 950, 95, 0),
(79, '10', 80, 4, 950, 95, 0),
(80, '11', 80, 4, 950, 95, 0),
(81, '12', 80, 4, 950, 95, 0),
(82, '13', 80, 4, 950, 95, 0),
(83, '14', 80, 3, 1100, 110, 0),
(84, '15', 80, 3, 1100, 110, 0),
(85, '16', 80, 3, 1100, 110, 0),
(86, '17', 80, 3, 1100, 110, 0),
(87, '18', 80, 3, 1100, 110, 0),
(88, '19', 80, 3, 1100, 110, 0),
(89, '20', 80, 3, 1100, 110, 0),
(90, '21', 80, 3, 1100, 110, 0),
(91, '22', 80, 3, 1100, 110, 0),
(92, '23', 80, 3, 1100, 110, 0),
(93, '24', 80, 3, 1100, 110, 0),
(94, '25', 80, 3, 1100, 110, 0),
(95, '26', 80, 3, 1100, 110, 0),
(96, '27', 80, 2, 1000, 100, 0),
(97, '28', 80, 2, 1000, 100, 0),
(98, '29', 80, 2, 1000, 100, 0),
(99, '30', 80, 2, 1000, 100, 0),
(100, '31', 80, 2, 1000, 100, 0),
(101, '32', 80, 2, 1000, 100, 0),
(102, '33', 80, 2, 1000, 100, 0),
(103, '34', 80, 2, 1000, 100, 0),
(104, '35', 80, 2, 1000, 100, 0),
(105, '36', 80, 2, 1000, 100, 0),
(106, '37', 80, 2, 1000, 100, 0),
(107, '38', 80, 2, 1000, 100, 0),
(108, '39', 80, 2, 1000, 100, 0),
(109, '40', 80, 1, 950, 95, 0),
(110, '41', 80, 1, 950, 95, 0),
(111, '42', 80, 1, 950, 95, 0),
(112, '43', 80, 1, 950, 95, 0),
(113, '44', 80, 1, 950, 95, 0),
(114, '45', 80, 1, 950, 95, 0),
(115, '46', 80, 1, 950, 95, 0),
(116, '47', 80, 1, 950, 95, 0),
(117, '48', 80, 1, 950, 95, 0),
(118, '49', 80, 1, 950, 95, 0),
(119, '50', 80, 1, 950, 95, 0),
(120, '51', 80, 1, 950, 95, 0),
(121, '52', 80, 1, 950, 95, 0),
(122, '01', 75, 5, 1100, 110, 0),
(123, '02', 75, 5, 1100, 110, 0),
(124, '03', 75, 5, 1100, 110, 0),
(125, '04', 75, 5, 1100, 110, 0),
(126, '05', 75, 5, 1100, 110, 0),
(127, '06', 75, 5, 1100, 110, 0),
(128, '07', 75, 5, 1100, 110, 0),
(129, '08', 75, 5, 1100, 110, 0),
(130, '09', 75, 5, 1100, 110, 0),
(131, '10', 75, 5, 1100, 110, 0),
(132, '11', 75, 4, 1200, 120, 0),
(133, '12', 75, 4, 1200, 120, 0),
(134, '13', 75, 4, 1200, 120, 0),
(135, '14', 75, 4, 1200, 120, 0),
(136, '15', 75, 4, 1200, 120, 0),
(137, '16', 75, 4, 1200, 120, 0),
(138, '17', 75, 4, 1200, 120, 0),
(139, '18', 75, 4, 1200, 120, 0),
(140, '19', 75, 4, 1200, 120, 0),
(141, '20', 75, 4, 1200, 120, 0),
(142, '21', 75, 3, 1300, 130, 0),
(143, '22', 75, 3, 1300, 130, 0),
(144, '23', 75, 3, 1300, 130, 0),
(145, '24', 75, 3, 1300, 130, 0),
(146, '25', 75, 3, 1300, 130, 0),
(147, '26', 75, 3, 1300, 130, 0),
(148, '27', 75, 3, 1300, 130, 0),
(149, '28', 75, 3, 1300, 130, 0),
(150, '29', 75, 3, 1300, 130, 0),
(151, '30', 75, 3, 1300, 130, 0),
(152, '31', 75, 2, 1200, 120, 0),
(153, '32', 75, 2, 1200, 120, 0),
(154, '33', 75, 2, 1200, 120, 0),
(155, '34', 75, 2, 1200, 120, 0),
(156, '35', 75, 2, 1200, 120, 0),
(157, '36', 75, 2, 1200, 120, 0),
(158, '37', 75, 2, 1200, 120, 0),
(159, '38', 75, 2, 1200, 120, 0),
(160, '39', 75, 2, 1200, 120, 0),
(161, '40', 75, 2, 1200, 120, 0),
(162, '41', 75, 1, 1100, 110, 0),
(163, '42', 75, 1, 1100, 110, 0),
(164, '43', 75, 1, 1100, 110, 0),
(165, '44', 75, 1, 1100, 110, 0),
(166, '45', 75, 1, 1100, 110, 0),
(167, '46', 75, 1, 1100, 110, 0),
(168, '47', 75, 1, 1100, 110, 0),
(169, '48', 75, 1, 1100, 110, 0),
(170, '49', 75, 1, 1100, 110, 0),
(171, '50', 75, 1, 1100, 110, 0),
(172, '01', 89, 5, 1100, 110, 0),
(173, '02', 89, 5, 1100, 110, 0),
(174, '03', 89, 5, 1100, 110, 0),
(175, '04', 89, 5, 1100, 110, 0),
(176, '05', 89, 5, 1100, 110, 0),
(177, '06', 89, 5, 1100, 110, 0),
(178, '07', 89, 5, 1100, 110, 0),
(179, '08', 89, 5, 1100, 110, 0),
(180, '09', 89, 5, 1100, 110, 0),
(181, '10', 89, 5, 1100, 110, 0),
(182, '11', 89, 4, 1200, 120, 0),
(183, '12', 89, 4, 1200, 120, 0),
(184, '13', 89, 4, 1200, 120, 0),
(185, '14', 89, 4, 1200, 120, 0),
(186, '15', 89, 4, 1200, 120, 0),
(187, '16', 89, 4, 1200, 120, 0),
(188, '17', 89, 4, 1200, 120, 0),
(189, '18', 89, 4, 1200, 120, 0),
(190, '19', 89, 4, 1200, 120, 0),
(191, '20', 89, 4, 1200, 120, 0),
(192, '21', 89, 3, 1300, 130, 0),
(193, '22', 89, 3, 1300, 130, 0),
(194, '23', 89, 3, 1300, 130, 0),
(195, '24', 89, 3, 1300, 130, 0),
(196, '25', 89, 3, 1300, 130, 0),
(197, '26', 89, 3, 1300, 130, 0),
(198, '27', 89, 3, 1300, 130, 0),
(199, '28', 89, 3, 1300, 130, 0),
(200, '29', 89, 3, 1300, 130, 0),
(201, '30', 89, 3, 1300, 130, 0),
(202, '31', 89, 2, 1200, 120, 0),
(203, '32', 89, 2, 1200, 120, 0),
(204, '33', 89, 2, 1200, 120, 0),
(205, '34', 89, 2, 1200, 120, 0),
(206, '35', 89, 2, 1200, 120, 0),
(207, '36', 89, 2, 1200, 120, 0),
(208, '37', 89, 2, 1200, 120, 0),
(209, '38', 89, 2, 1200, 120, 0),
(210, '39', 89, 2, 1200, 120, 0),
(211, '40', 89, 2, 1200, 120, 0),
(212, '41', 89, 1, 1100, 110, 0),
(213, '42', 89, 1, 1100, 110, 0),
(214, '43', 89, 1, 1100, 110, 0),
(215, '44', 89, 1, 1100, 110, 0),
(216, '45', 89, 1, 1100, 110, 0),
(217, '46', 89, 1, 1100, 110, 0),
(218, '47', 89, 1, 1100, 110, 0),
(219, '48', 89, 1, 1100, 110, 0),
(220, '49', 89, 1, 1100, 110, 0),
(221, '50', 89, 1, 1100, 110, 0),
(222, '01', 77, 5, 1100, 110, 0),
(223, '02', 77, 5, 1100, 110, 0),
(224, '03', 77, 5, 1100, 110, 0),
(225, '04', 77, 4, 1200, 120, 0),
(226, '05', 77, 4, 1200, 120, 0),
(227, '06', 77, 4, 1200, 120, 0),
(228, '07', 77, 3, 1300, 130, 0),
(229, '08', 77, 3, 1300, 130, 1),
(230, '09', 77, 3, 1300, 130, 0),
(231, '10', 77, 2, 1200, 120, 0),
(232, '11', 77, 2, 1200, 120, 0),
(233, '12', 77, 2, 1200, 120, 0),
(234, '13', 77, 1, 1100, 110, 0),
(235, '14', 77, 1, 1100, 110, 0),
(236, '15', 77, 1, 1100, 110, 0),
(237, '01', 76, 5, 1100, 110, 0),
(238, '02', 76, 5, 1100, 110, 0),
(239, '03', 76, 5, 1100, 110, 0),
(240, '04', 76, 5, 1100, 110, 0),
(241, '05', 76, 5, 1100, 110, 0),
(242, '06', 76, 5, 1100, 110, 0),
(243, '07', 76, 5, 1100, 110, 0),
(244, '08', 76, 5, 1100, 110, 0),
(245, '09', 76, 5, 1100, 110, 0),
(246, '10', 76, 5, 1100, 110, 0),
(247, '11', 76, 4, 1200, 120, 0),
(248, '12', 76, 4, 1200, 120, 0),
(249, '13', 76, 4, 1200, 120, 0),
(250, '14', 76, 4, 1200, 120, 0),
(251, '15', 76, 4, 1200, 120, 0),
(252, '16', 76, 4, 1200, 120, 0),
(253, '17', 76, 4, 1200, 120, 0),
(254, '18', 76, 4, 1200, 120, 0),
(255, '19', 76, 4, 1200, 120, 0),
(256, '20', 76, 4, 1200, 120, 0),
(257, '21', 76, 3, 1300, 130, 0),
(258, '22', 76, 3, 1300, 130, 0),
(259, '23', 76, 3, 1300, 130, 0),
(260, '24', 76, 3, 1300, 130, 0),
(261, '25', 76, 3, 1300, 130, 0),
(262, '26', 76, 3, 1300, 130, 0),
(263, '27', 76, 3, 1300, 130, 0),
(264, '28', 76, 3, 1300, 130, 0),
(265, '29', 76, 3, 1300, 130, 0),
(266, '30', 76, 3, 1300, 130, 0),
(267, '31', 76, 2, 1200, 120, 0),
(268, '32', 76, 2, 1200, 120, 0),
(269, '33', 76, 2, 1200, 120, 0),
(270, '34', 76, 2, 1200, 120, 0),
(271, '35', 76, 2, 1200, 120, 0),
(272, '36', 76, 2, 1200, 120, 0),
(273, '37', 76, 2, 1200, 120, 0),
(274, '38', 76, 2, 1200, 120, 0),
(275, '39', 76, 2, 1200, 120, 0),
(276, '40', 76, 2, 1200, 120, 0),
(277, '41', 76, 1, 1100, 110, 0),
(278, '42', 76, 1, 1100, 110, 0),
(279, '43', 76, 1, 1100, 110, 0),
(280, '44', 76, 1, 1100, 110, 0),
(281, '45', 76, 1, 1100, 110, 0),
(282, '46', 76, 1, 1100, 110, 0),
(283, '47', 76, 1, 1100, 110, 0),
(284, '48', 76, 1, 1100, 110, 0),
(285, '49', 76, 1, 1100, 110, 0),
(286, '50', 76, 1, 1100, 110, 0),
(287, '01', 74, 5, 1100, 110, 0),
(288, '02', 74, 5, 1100, 110, 0),
(289, '03', 74, 5, 1100, 110, 0),
(290, '04', 74, 5, 1100, 110, 0),
(291, '05', 74, 5, 1100, 110, 0),
(292, '06', 74, 5, 1100, 110, 0),
(293, '07', 74, 5, 1100, 110, 0),
(294, '08', 74, 5, 1100, 110, 0),
(295, '09', 74, 5, 1100, 110, 0),
(296, '10', 74, 5, 1100, 110, 0),
(297, '11', 74, 4, 1200, 120, 0),
(298, '12', 74, 4, 1200, 120, 0),
(299, '13', 74, 4, 1200, 120, 0),
(300, '14', 74, 4, 1200, 120, 0),
(301, '15', 74, 4, 1200, 120, 0),
(302, '16', 74, 4, 1200, 120, 0),
(303, '17', 74, 4, 1200, 120, 0),
(304, '18', 74, 4, 1200, 120, 0),
(305, '19', 74, 4, 1200, 120, 0),
(306, '20', 74, 4, 1200, 120, 0),
(307, '21', 74, 3, 1300, 130, 0),
(308, '22', 74, 3, 1300, 130, 0),
(309, '23', 74, 3, 1300, 130, 0),
(310, '24', 74, 3, 1300, 130, 0),
(311, '25', 74, 3, 1300, 130, 0),
(312, '26', 74, 3, 1300, 130, 0),
(313, '27', 74, 3, 1300, 130, 0),
(314, '28', 74, 3, 1300, 130, 0),
(315, '29', 74, 3, 1300, 130, 0),
(316, '30', 74, 3, 1300, 130, 0),
(317, '31', 74, 2, 1200, 120, 0),
(318, '32', 74, 2, 1200, 120, 0),
(319, '33', 74, 2, 1200, 120, 0),
(320, '34', 74, 2, 1200, 120, 0),
(321, '35', 74, 2, 1200, 120, 0),
(322, '36', 74, 2, 1200, 120, 0),
(323, '37', 74, 2, 1200, 120, 0),
(324, '38', 74, 2, 1200, 120, 0),
(325, '39', 74, 2, 1200, 120, 0),
(326, '40', 74, 2, 1200, 120, 0),
(327, '41', 74, 1, 1100, 110, 0),
(328, '42', 74, 1, 1100, 110, 0),
(329, '43', 74, 1, 1100, 110, 0),
(330, '44', 74, 1, 1100, 110, 0),
(331, '45', 74, 1, 1100, 110, 0),
(332, '46', 74, 1, 1100, 110, 0),
(333, '47', 74, 1, 1100, 110, 0),
(334, '48', 74, 1, 1100, 110, 0),
(335, '49', 74, 1, 1100, 110, 0),
(336, '50', 74, 1, 1100, 110, 0),
(337, '01', 73, 5, 1100, 110, 0),
(338, '02', 73, 5, 1100, 110, 0),
(339, '03', 73, 5, 1100, 110, 0),
(340, '04', 73, 5, 1100, 110, 0),
(341, '05', 73, 5, 1100, 110, 0),
(342, '06', 73, 5, 1100, 110, 0),
(343, '07', 73, 5, 1100, 110, 0),
(344, '08', 73, 5, 1100, 110, 0),
(345, '09', 73, 5, 1100, 110, 0),
(346, '10', 73, 5, 1100, 110, 0),
(347, '11', 73, 4, 1200, 120, 0),
(348, '12', 73, 4, 1200, 120, 0),
(349, '13', 73, 4, 1200, 120, 0),
(350, '14', 73, 4, 1200, 120, 0),
(351, '15', 73, 4, 1200, 120, 0),
(352, '16', 73, 4, 1200, 120, 0),
(353, '17', 73, 4, 1200, 120, 0),
(354, '18', 73, 4, 1200, 120, 0),
(355, '19', 73, 4, 1200, 120, 0),
(356, '20', 73, 4, 1200, 120, 0),
(357, '21', 73, 3, 1300, 130, 0),
(358, '22', 73, 3, 1300, 130, 0),
(359, '23', 73, 3, 1300, 130, 0),
(360, '24', 73, 3, 1300, 130, 0),
(361, '25', 73, 3, 1300, 130, 0),
(362, '26', 73, 3, 1300, 130, 0),
(363, '27', 73, 3, 1300, 130, 0),
(364, '28', 73, 3, 1300, 130, 0),
(365, '29', 73, 3, 1300, 130, 0),
(366, '30', 73, 3, 1300, 130, 0),
(367, '31', 73, 2, 1200, 120, 0),
(368, '32', 73, 2, 1200, 120, 0),
(369, '33', 73, 2, 1200, 120, 0),
(370, '34', 73, 2, 1200, 120, 0),
(371, '35', 73, 2, 1200, 120, 0),
(372, '36', 73, 2, 1200, 120, 0),
(373, '37', 73, 2, 1200, 120, 0),
(374, '38', 73, 2, 1200, 120, 0),
(375, '39', 73, 2, 1200, 120, 0),
(376, '40', 73, 2, 1200, 120, 0),
(377, '41', 73, 1, 1100, 110, 0),
(378, '42', 73, 1, 1100, 110, 0),
(379, '43', 73, 1, 1100, 110, 0),
(380, '44', 73, 1, 1100, 110, 0),
(381, '45', 73, 1, 1100, 110, 0),
(382, '46', 73, 1, 1100, 110, 0),
(383, '47', 73, 1, 1100, 110, 0),
(384, '48', 73, 1, 1100, 110, 0),
(385, '49', 73, 1, 1100, 110, 0),
(386, '50', 73, 1, 1100, 110, 0),
(387, '01', 72, 5, 1100, 110, 0),
(388, '02', 72, 5, 1100, 110, 0),
(389, '03', 72, 5, 1100, 110, 0),
(390, '04', 72, 5, 1100, 110, 0),
(391, '05', 72, 5, 1100, 110, 0),
(392, '06', 72, 5, 1100, 110, 0),
(393, '07', 72, 5, 1100, 110, 0),
(394, '08', 72, 5, 1100, 110, 0),
(395, '09', 72, 5, 1100, 110, 0),
(396, '10', 72, 5, 1100, 110, 0),
(397, '11', 72, 5, 1100, 110, 0),
(398, '12', 72, 5, 1100, 110, 0),
(399, '13', 72, 5, 1100, 110, 0),
(400, '14', 72, 5, 1100, 110, 0),
(401, '15', 72, 5, 1100, 110, 0),
(402, '16', 72, 5, 1100, 110, 0),
(403, '17', 72, 5, 1100, 110, 0),
(404, '18', 72, 5, 1100, 110, 0),
(405, '19', 72, 5, 1100, 110, 0),
(406, '20', 72, 5, 1100, 110, 0),
(407, '21', 72, 5, 1100, 110, 0),
(408, '22', 72, 4, 1200, 120, 0),
(409, '23', 72, 4, 1200, 120, 0),
(410, '24', 72, 4, 1200, 120, 0),
(411, '25', 72, 4, 1200, 120, 0),
(412, '26', 72, 4, 1200, 120, 0),
(413, '27', 72, 4, 1200, 120, 0),
(414, '28', 72, 4, 1200, 120, 0),
(415, '29', 72, 4, 1200, 120, 0),
(416, '30', 72, 4, 1200, 120, 0),
(417, '31', 72, 4, 1200, 120, 0),
(418, '32', 72, 4, 1200, 120, 0),
(419, '33', 72, 4, 1200, 120, 0),
(420, '34', 72, 4, 1200, 120, 0),
(421, '35', 72, 4, 1200, 120, 0),
(422, '36', 72, 4, 1200, 120, 0),
(423, '37', 72, 4, 1200, 120, 0),
(424, '38', 72, 4, 1200, 120, 0),
(425, '39', 72, 4, 1200, 120, 0),
(426, '40', 72, 4, 1200, 120, 0),
(427, '41', 72, 4, 1200, 120, 0),
(428, '42', 72, 4, 1200, 120, 0),
(429, '43', 72, 3, 1300, 130, 0),
(430, '44', 72, 3, 1300, 130, 0),
(431, '45', 72, 3, 1300, 130, 0),
(432, '46', 72, 3, 1300, 130, 0),
(433, '47', 72, 3, 1300, 130, 0),
(434, '48', 72, 3, 1300, 130, 0),
(435, '49', 72, 3, 1300, 130, 0),
(436, '50', 72, 3, 1300, 130, 0),
(437, '51', 72, 3, 1300, 130, 0),
(438, '52', 72, 3, 1300, 130, 0),
(439, '53', 72, 3, 1300, 130, 0),
(440, '54', 72, 3, 1300, 130, 0),
(441, '55', 72, 3, 1300, 130, 0),
(442, '56', 72, 3, 1300, 130, 0),
(443, '57', 72, 3, 1300, 130, 0),
(444, '58', 72, 3, 1300, 130, 0),
(445, '59', 72, 3, 1300, 130, 0),
(446, '60', 72, 3, 1300, 130, 0),
(447, '61', 72, 3, 1300, 130, 0),
(448, '62', 72, 3, 1300, 130, 0),
(449, '63', 72, 3, 1300, 130, 0),
(450, '64', 72, 2, 1200, 120, 0),
(451, '65', 72, 2, 1200, 120, 0),
(452, '66', 72, 2, 1200, 120, 0),
(453, '67', 72, 2, 1200, 120, 0),
(454, '68', 72, 2, 1200, 120, 0),
(455, '69', 72, 2, 1200, 120, 0),
(456, '70', 72, 2, 1200, 120, 0),
(457, '71', 72, 2, 1200, 120, 0),
(458, '72', 72, 2, 1200, 120, 0),
(459, '73', 72, 2, 1200, 120, 0),
(460, '74', 72, 2, 1200, 120, 0),
(461, '75', 72, 2, 1200, 120, 0),
(462, '76', 72, 2, 1200, 120, 0),
(463, '77', 72, 2, 1200, 120, 0),
(464, '78', 72, 2, 1200, 120, 0),
(465, '79', 72, 2, 1200, 120, 0),
(466, '80', 72, 2, 1200, 120, 0),
(467, '81', 72, 2, 1200, 120, 0),
(468, '82', 72, 2, 1200, 120, 0),
(469, '83', 72, 2, 1200, 120, 0),
(470, '84', 72, 2, 1200, 120, 0),
(471, '85', 72, 1, 1100, 110, 0),
(472, '86', 72, 1, 1100, 110, 0),
(473, '87', 72, 1, 1100, 110, 0),
(474, '88', 72, 1, 1100, 110, 0),
(475, '89', 72, 1, 1100, 110, 0),
(476, '90', 72, 1, 1100, 110, 0),
(477, '91', 72, 1, 1100, 110, 0),
(478, '92', 72, 1, 1100, 110, 0),
(479, '93', 72, 1, 1100, 110, 0),
(480, '94', 72, 1, 1100, 110, 0),
(481, '95', 72, 1, 1100, 110, 0),
(482, '96', 72, 1, 1100, 110, 0),
(483, '97', 72, 1, 1100, 110, 0),
(484, '98', 72, 1, 1100, 110, 0),
(485, '99', 72, 1, 1100, 110, 0),
(486, '100', 72, 1, 1100, 110, 0),
(487, '101', 72, 1, 1100, 110, 0),
(488, '102', 72, 1, 1100, 110, 0),
(489, '103', 72, 1, 1100, 110, 0),
(490, '104', 72, 1, 1100, 110, 0),
(491, '105', 72, 1, 1100, 110, 0),
(492, '01', 70, 6, 1000, 100, 0),
(493, '02', 70, 6, 1000, 100, 0),
(494, '03', 70, 6, 1000, 100, 0),
(495, '04', 70, 6, 1000, 100, 0),
(498, '05', 70, 6, 1000, 100, 0),
(499, '06', 70, 6, 1000, 100, 0),
(500, '07', 70, 6, 1000, 100, 0),
(501, '08', 70, 6, 1000, 100, 0),
(502, '09', 70, 6, 1000, 100, 0),
(503, '10', 70, 6, 1000, 100, 0),
(504, '11', 70, 6, 1000, 100, 0),
(505, '12', 70, 6, 1000, 100, 0),
(506, '13', 70, 6, 1000, 100, 0),
(507, '14', 70, 6, 1000, 100, 0),
(508, '15', 70, 6, 1000, 100, 0),
(509, '16', 70, 6, 1000, 100, 0),
(510, '17', 70, 6, 1000, 100, 0),
(511, '18', 70, 5, 1100, 110, 0),
(512, '19', 70, 5, 1100, 110, 0),
(513, '20', 70, 5, 1100, 110, 0),
(514, '21', 70, 5, 1100, 110, 0),
(515, '22', 70, 5, 1100, 110, 0),
(516, '23', 70, 5, 1100, 110, 0),
(517, '24', 70, 5, 1100, 110, 0),
(518, '25', 70, 5, 1100, 110, 0),
(519, '26', 70, 5, 1100, 110, 0),
(520, '27', 70, 5, 1100, 110, 0),
(521, '28', 70, 5, 1100, 110, 0),
(522, '29', 70, 5, 1100, 110, 0),
(523, '30', 70, 5, 1100, 110, 0),
(524, '31', 70, 5, 1100, 110, 0),
(525, '32', 70, 5, 1100, 110, 0),
(526, '33', 70, 5, 1100, 110, 0),
(527, '34', 70, 5, 1100, 110, 0),
(528, '35', 70, 4, 1200, 120, 0),
(529, '36', 70, 4, 1200, 120, 0),
(530, '37', 70, 4, 1200, 120, 0),
(531, '38', 70, 4, 1200, 120, 0),
(532, '39', 70, 4, 1200, 120, 0),
(533, '40', 70, 4, 1200, 120, 0),
(534, '41', 70, 4, 1200, 120, 0),
(535, '42', 70, 4, 1200, 120, 0),
(536, '43', 70, 4, 1200, 120, 0),
(537, '44', 70, 4, 1200, 120, 0),
(538, '45', 70, 4, 1200, 120, 0),
(539, '46', 70, 4, 1200, 120, 0),
(540, '47', 70, 4, 1200, 120, 0),
(541, '48', 70, 4, 1200, 120, 0),
(542, '49', 70, 4, 1200, 120, 0),
(543, '50', 70, 4, 1200, 120, 0),
(544, '51', 70, 4, 1200, 120, 0),
(545, '52', 70, 3, 1300, 130, 0),
(546, '53', 70, 3, 1300, 130, 0),
(547, '54', 70, 3, 1300, 130, 0),
(548, '55', 70, 3, 1300, 130, 0),
(549, '56', 70, 3, 1300, 130, 0),
(550, '57', 70, 3, 1300, 130, 0),
(551, '58', 70, 3, 1300, 130, 0),
(552, '59', 70, 3, 1300, 130, 0),
(553, '60', 70, 3, 1300, 130, 0),
(554, '61', 70, 3, 1300, 130, 0),
(555, '62', 70, 3, 1300, 130, 0),
(556, '63', 70, 3, 1300, 130, 0),
(557, '64', 70, 3, 1300, 130, 0),
(558, '65', 70, 3, 1300, 130, 0),
(559, '66', 70, 3, 1300, 130, 0),
(560, '67', 70, 3, 1300, 130, 0),
(561, '68', 70, 3, 1300, 130, 0),
(562, '69', 70, 2, 1200, 120, 0),
(563, '70', 70, 2, 1200, 120, 0),
(564, '71', 70, 2, 1200, 120, 0),
(565, '72', 70, 2, 1200, 120, 0),
(566, '73', 70, 2, 1200, 120, 0),
(567, '74', 70, 2, 1200, 120, 0),
(568, '75', 70, 2, 1200, 120, 0),
(569, '76', 70, 2, 1200, 120, 0),
(570, '77', 70, 2, 1200, 120, 0),
(571, '78', 70, 2, 1200, 120, 0),
(572, '79', 70, 2, 1200, 120, 0),
(573, '80', 70, 2, 1200, 120, 0),
(574, '81', 70, 2, 1200, 120, 0),
(575, '82', 70, 2, 1200, 120, 0),
(576, '83', 70, 2, 1200, 120, 0),
(577, '84', 70, 2, 1200, 120, 0),
(578, '85', 70, 2, 1200, 120, 0),
(579, '86', 70, 1, 1100, 110, 0),
(580, '87', 70, 1, 1100, 110, 0),
(581, '88', 70, 1, 1100, 110, 0),
(582, '89', 70, 1, 1100, 110, 0),
(583, '90', 70, 1, 1100, 110, 0),
(584, '91', 70, 1, 1100, 110, 0),
(585, '92', 70, 1, 1100, 110, 0),
(586, '93', 70, 1, 1100, 110, 0),
(587, '94', 70, 1, 1100, 110, 0),
(588, '95', 70, 1, 1100, 110, 0),
(589, '96', 70, 1, 1100, 110, 0),
(590, '97', 70, 1, 1100, 110, 0),
(591, '98', 70, 1, 1100, 110, 0),
(592, '99', 70, 1, 1100, 110, 0),
(593, '100', 70, 1, 1100, 110, 0),
(594, '101', 70, 1, 1100, 110, 0),
(595, '102', 70, 1, 1100, 110, 0),
(596, '01', 71, 5, 1100, 110, 0),
(597, '02', 71, 5, 1100, 110, 0),
(598, '03', 71, 5, 1100, 110, 0),
(599, '04', 71, 5, 1100, 110, 0),
(600, '05', 71, 5, 1100, 110, 0),
(601, '06', 71, 5, 1100, 110, 0),
(602, '07', 71, 5, 1100, 110, 0),
(603, '08', 71, 5, 1100, 110, 0),
(604, '09', 71, 5, 1100, 110, 0),
(605, '10', 71, 5, 1100, 110, 0),
(606, '11', 71, 4, 1200, 120, 0),
(607, '12', 71, 4, 1200, 120, 0),
(608, '13', 71, 4, 1200, 120, 0),
(609, '14', 71, 4, 1200, 120, 0),
(610, '15', 71, 4, 1200, 120, 0),
(611, '16', 71, 4, 1200, 120, 0),
(612, '17', 71, 4, 1200, 120, 0),
(613, '18', 71, 4, 1200, 120, 0),
(614, '19', 71, 4, 1200, 120, 0),
(615, '20', 71, 4, 1200, 120, 0),
(616, '21', 71, 3, 1300, 130, 0),
(617, '22', 71, 3, 1300, 130, 0),
(618, '23', 71, 3, 1300, 130, 0),
(619, '24', 71, 3, 1300, 130, 0),
(620, '25', 71, 3, 1300, 130, 0),
(621, '26', 71, 3, 1300, 130, 0),
(622, '27', 71, 3, 1300, 130, 0),
(623, '28', 71, 3, 1300, 130, 0),
(624, '29', 71, 3, 1300, 130, 0),
(625, '30', 71, 3, 1300, 130, 0),
(626, '31', 71, 2, 1200, 120, 0),
(627, '32', 71, 2, 1200, 120, 0),
(628, '33', 71, 2, 1200, 120, 0),
(629, '34', 71, 2, 1200, 120, 0),
(630, '35', 71, 2, 1200, 120, 0),
(631, '36', 71, 2, 1200, 120, 0),
(632, '37', 71, 2, 1200, 120, 0),
(633, '38', 71, 2, 1200, 120, 0),
(634, '39', 71, 2, 1200, 120, 0),
(635, '40', 71, 2, 1200, 120, 0),
(636, '41', 71, 1, 1100, 110, 0),
(637, '42', 71, 1, 1100, 110, 0),
(638, '43', 71, 1, 1100, 110, 0),
(639, '44', 71, 1, 1100, 110, 0),
(640, '45', 71, 1, 1100, 110, 0),
(641, '46', 71, 1, 1100, 110, 0),
(642, '47', 71, 1, 1100, 110, 0),
(643, '48', 71, 1, 1100, 110, 0),
(644, '49', 71, 1, 1100, 110, 0),
(645, '50', 71, 1, 1100, 110, 0),
(646, '01', 86, 6, 10, 0, 0),
(647, '02', 86, 6, 10, 0, 0),
(648, '03', 86, 6, 10, 0, 0),
(649, '04', 86, 6, 10, 0, 0),
(650, '05', 86, 6, 10, 0, 0),
(651, '06', 86, 6, 10, 0, 0),
(652, '07', 86, 6, 10, 0, 0),
(653, '08', 86, 6, 10, 0, 0),
(654, '09', 86, 6, 10, 0, 0),
(655, '10', 86, 6, 10, 0, 0),
(656, '11', 86, 6, 10, 0, 0),
(657, '12', 86, 6, 10, 0, 0),
(658, '13', 86, 6, 10, 0, 0),
(659, '14', 86, 6, 10, 0, 0),
(660, '15', 86, 6, 10, 0, 0),
(661, '16', 86, 5, 10, 0, 0),
(662, '17', 86, 5, 10, 0, 0),
(663, '18', 86, 5, 10, 0, 0),
(664, '19', 86, 5, 10, 0, 0),
(665, '20', 86, 5, 10, 0, 0),
(666, '21', 86, 5, 10, 0, 0),
(667, '22', 86, 5, 10, 0, 0),
(668, '23', 86, 5, 10, 0, 0),
(669, '24', 86, 5, 10, 0, 0),
(670, '25', 86, 5, 10, 0, 0),
(671, '26', 86, 5, 10, 0, 0),
(672, '27', 86, 5, 10, 0, 0),
(673, '28', 86, 5, 10, 0, 0),
(674, '29', 86, 5, 10, 0, 0),
(675, '30', 86, 5, 10, 0, 0),
(676, '31', 86, 4, 10, 0, 0),
(677, '32', 86, 4, 10, 0, 0),
(678, '33', 86, 4, 10, 0, 0),
(679, '34', 86, 4, 10, 0, 0),
(680, '35', 86, 4, 10, 0, 0),
(681, '36', 86, 4, 10, 0, 0),
(682, '37', 86, 4, 10, 0, 0),
(683, '38', 86, 4, 10, 0, 0),
(684, '39', 86, 4, 10, 0, 0),
(685, '40', 86, 4, 10, 0, 0),
(686, '41', 86, 4, 10, 0, 0),
(687, '42', 86, 4, 10, 0, 0),
(688, '43', 86, 4, 10, 0, 0),
(689, '44', 86, 4, 10, 0, 0),
(690, '45', 86, 4, 10, 0, 0),
(691, '46', 86, 3, 10, 0, 0),
(692, '47', 86, 3, 10, 0, 0),
(693, '48', 86, 3, 10, 0, 0),
(694, '49', 86, 3, 10, 0, 0),
(695, '50', 86, 3, 10, 0, 0),
(696, '51', 86, 3, 10, 0, 0),
(697, '52', 86, 3, 10, 0, 0),
(698, '53', 86, 3, 10, 0, 0),
(699, '54', 86, 3, 10, 0, 0),
(700, '55', 86, 3, 10, 0, 0),
(701, '56', 86, 3, 10, 0, 0),
(702, '57', 86, 3, 10, 0, 0),
(703, '58', 86, 3, 10, 0, 0),
(704, '59', 86, 3, 10, 0, 0),
(705, '60', 86, 3, 10, 0, 0),
(706, '61', 86, 2, 10, 0, 0),
(707, '62', 86, 2, 10, 0, 0),
(708, '63', 86, 2, 10, 0, 0),
(709, '64', 86, 2, 10, 0, 0),
(710, '65', 86, 2, 10, 0, 0),
(711, '66', 86, 2, 10, 0, 0),
(712, '67', 86, 2, 10, 0, 0),
(713, '68', 86, 2, 10, 0, 0),
(714, '69', 86, 2, 10, 0, 0),
(715, '70', 86, 2, 10, 0, 0),
(716, '71', 86, 2, 10, 0, 0),
(717, '72', 86, 2, 10, 0, 0),
(718, '73', 86, 2, 10, 0, 0),
(719, '74', 86, 2, 10, 0, 0),
(720, '75', 86, 2, 10, 0, 0),
(721, '76', 86, 1, 10, 0, 0),
(722, '77', 86, 1, 10, 0, 0),
(723, '78', 86, 1, 10, 0, 0),
(724, '79', 86, 1, 10, 0, 0),
(725, '80', 86, 1, 10, 0, 0),
(726, '81', 86, 1, 10, 0, 0),
(727, '82', 86, 1, 10, 0, 0),
(728, '83', 86, 1, 10, 0, 0),
(729, '84', 86, 1, 10, 0, 0),
(730, '85', 86, 1, 10, 0, 0),
(731, '86', 86, 1, 10, 0, 0),
(732, '87', 86, 1, 10, 0, 0),
(733, '88', 86, 1, 10, 0, 0),
(734, '89', 86, 1, 10, 0, 0),
(735, '90', 86, 1, 10, 0, 0),
(736, '01', 69, 5, 1100, 110, 0),
(737, '02', 69, 5, 1100, 110, 0),
(738, '03', 69, 5, 1100, 110, 0),
(739, '04', 69, 5, 1100, 110, 0),
(740, '05', 69, 5, 1100, 110, 0),
(741, '06', 69, 5, 1100, 110, 0),
(742, '07', 69, 5, 1100, 110, 0),
(743, '08', 69, 5, 1100, 110, 0),
(744, '09', 69, 5, 1100, 110, 0),
(745, '10', 69, 5, 1100, 110, 0),
(746, '11', 69, 5, 1100, 110, 0),
(747, '12', 69, 5, 1100, 110, 0),
(748, '13', 69, 5, 1100, 110, 0),
(749, '01', 69, 4, 1200, 120, 0),
(750, '02', 69, 4, 1200, 120, 0),
(751, '03', 69, 4, 1200, 120, 0),
(752, '04', 69, 4, 1200, 120, 0),
(753, '05', 69, 4, 1200, 120, 0),
(754, '06', 69, 4, 1200, 120, 0),
(755, '07', 69, 4, 1200, 120, 0),
(756, '08', 69, 4, 1200, 120, 0),
(757, '09', 69, 4, 1200, 120, 0),
(758, '10', 69, 4, 1200, 120, 0),
(759, '11', 69, 4, 1200, 120, 0),
(760, '12', 69, 4, 1200, 120, 0),
(761, '13', 69, 4, 1200, 120, 0),
(762, '01', 69, 3, 1300, 130, 0),
(763, '02', 69, 3, 1300, 130, 0),
(764, '03', 69, 3, 1300, 130, 0),
(765, '04', 69, 3, 1300, 130, 0),
(766, '05', 69, 3, 1300, 130, 0),
(767, '06', 69, 3, 1300, 130, 0),
(768, '07', 69, 3, 1300, 130, 0),
(769, '08', 69, 3, 1300, 130, 0),
(770, '09', 69, 3, 1300, 130, 0),
(771, '10', 69, 3, 1300, 130, 0),
(772, '11', 69, 3, 1300, 130, 0),
(773, '12', 69, 3, 1300, 130, 0),
(774, '13', 69, 3, 1300, 130, 0),
(775, '01', 69, 2, 1200, 120, 0),
(776, '02', 69, 2, 1200, 120, 0),
(777, '03', 69, 2, 1200, 120, 0),
(778, '04', 69, 2, 1200, 120, 0),
(779, '05', 69, 2, 1200, 120, 0),
(780, '06', 69, 2, 1200, 120, 0),
(781, '07', 69, 2, 1200, 120, 0),
(782, '08', 69, 2, 1200, 120, 0),
(783, '09', 69, 2, 1200, 120, 0),
(784, '10', 69, 2, 1200, 120, 0),
(785, '11', 69, 2, 1200, 120, 0),
(786, '12', 69, 2, 1200, 120, 0),
(787, '13', 69, 2, 1200, 120, 0),
(788, '01', 69, 1, 1100, 110, 0),
(789, '02', 69, 1, 1100, 110, 0),
(790, '03', 69, 1, 1100, 110, 0),
(791, '04', 69, 1, 1100, 110, 0),
(792, '05', 69, 1, 1100, 110, 0),
(793, '06', 69, 1, 1100, 110, 0),
(794, '07', 69, 1, 1100, 110, 0),
(795, '08', 69, 1, 1100, 110, 0),
(796, '09', 69, 1, 1100, 110, 0),
(797, '10', 69, 1, 1100, 110, 0),
(798, '11', 69, 1, 1100, 110, 0),
(799, '12', 69, 1, 1100, 110, 0),
(800, '13', 69, 1, 1100, 110, 0),
(801, '01', 68, 5, 1100, 110, 0),
(802, '02', 68, 5, 1100, 110, 0),
(803, '03', 68, 5, 1100, 110, 0),
(804, '04', 68, 5, 1100, 110, 0),
(805, '05', 68, 5, 1100, 110, 0),
(806, '06', 68, 5, 1100, 110, 0),
(807, '07', 68, 5, 1100, 110, 0),
(808, '08', 68, 5, 1100, 110, 0),
(809, '09', 68, 5, 1100, 110, 0),
(810, '10', 68, 5, 1100, 110, 0),
(811, '11', 68, 5, 1100, 110, 0),
(812, '12', 68, 5, 1100, 110, 0),
(813, '13', 68, 5, 1100, 110, 0),
(814, '01', 68, 4, 1200, 120, 0),
(815, '02', 68, 4, 1200, 120, 0),
(816, '03', 68, 4, 1200, 120, 0),
(817, '04', 68, 4, 1200, 120, 0),
(818, '05', 68, 4, 1200, 120, 0),
(819, '06', 68, 4, 1200, 120, 0),
(820, '07', 68, 4, 1200, 120, 0),
(821, '08', 68, 4, 1200, 120, 0),
(822, '09', 68, 4, 1200, 120, 0),
(823, '10', 68, 4, 1200, 120, 0),
(824, '11', 68, 4, 1200, 120, 0),
(825, '12', 68, 4, 1200, 120, 0),
(826, '13', 68, 4, 1200, 120, 0),
(827, '01', 68, 3, 1300, 130, 0),
(828, '02', 68, 3, 1300, 130, 0),
(829, '03', 68, 3, 1300, 130, 0),
(830, '04', 68, 3, 1300, 130, 0),
(831, '05', 68, 3, 1300, 130, 0),
(832, '06', 68, 3, 1300, 130, 0),
(833, '07', 68, 3, 1300, 130, 0),
(834, '08', 68, 3, 1300, 130, 0),
(835, '09', 68, 3, 1300, 130, 0),
(836, '10', 68, 3, 1300, 130, 0),
(837, '11', 68, 3, 1300, 130, 0),
(838, '12', 68, 3, 1300, 130, 0),
(839, '13', 68, 3, 1300, 130, 0),
(840, '01', 68, 2, 1200, 120, 0),
(841, '02', 68, 2, 1200, 120, 0),
(842, '03', 68, 2, 1200, 120, 0),
(843, '04', 68, 2, 1200, 120, 0),
(844, '05', 68, 2, 1200, 120, 0),
(845, '06', 68, 2, 1200, 120, 0),
(846, '07', 68, 2, 1200, 120, 0),
(847, '08', 68, 2, 1200, 120, 0),
(848, '09', 68, 2, 1200, 120, 0),
(849, '10', 68, 2, 1200, 120, 0),
(850, '11', 68, 2, 1200, 120, 0),
(851, '12', 68, 2, 1200, 120, 0),
(852, '13', 68, 2, 1200, 120, 0),
(853, '01', 68, 1, 1100, 110, 0),
(854, '02', 68, 1, 1100, 110, 0),
(855, '03', 68, 1, 1100, 110, 0),
(856, '04', 68, 1, 1100, 110, 0),
(857, '05', 68, 1, 1100, 110, 0),
(858, '06', 68, 1, 1100, 110, 0),
(859, '07', 68, 1, 1100, 110, 0),
(860, '08', 68, 1, 1100, 110, 0),
(861, '09', 68, 1, 1100, 110, 0),
(862, '10', 68, 1, 1100, 110, 0),
(863, '11', 68, 1, 1100, 110, 0),
(864, '12', 68, 1, 1100, 110, 0),
(865, '13', 68, 1, 1100, 110, 0),
(866, '01', 94, 5, 1100, 110, 0),
(867, '02', 94, 5, 1100, 110, 0),
(868, '03', 94, 5, 1100, 110, 0),
(869, '04', 94, 5, 1100, 110, 0),
(870, '05', 94, 5, 1100, 110, 0),
(871, '06', 94, 5, 1100, 110, 0),
(872, '07', 94, 5, 1100, 110, 0),
(873, '08', 94, 5, 1100, 110, 0),
(874, '09', 94, 5, 1100, 110, 0),
(875, '10', 94, 5, 1100, 110, 0),
(876, '11', 94, 4, 1200, 120, 0),
(877, '12', 94, 4, 1200, 120, 0),
(878, '13', 94, 4, 1200, 120, 0),
(879, '14', 94, 4, 1200, 120, 0),
(880, '15', 94, 4, 1200, 120, 0),
(881, '16', 94, 4, 1200, 120, 0),
(882, '17', 94, 4, 1200, 120, 0),
(883, '18', 94, 4, 1200, 120, 0),
(884, '19', 94, 4, 1200, 120, 0),
(885, '20', 94, 4, 1200, 120, 0),
(886, '21', 94, 3, 1300, 130, 0),
(887, '22', 94, 3, 1300, 130, 0),
(888, '23', 94, 3, 1300, 130, 0),
(889, '24', 94, 3, 1300, 130, 0),
(890, '25', 94, 3, 1300, 130, 0),
(891, '26', 94, 3, 1300, 130, 0),
(892, '27', 94, 3, 1300, 130, 0),
(893, '28', 94, 3, 1300, 130, 0),
(894, '29', 94, 3, 1300, 130, 0),
(895, '30', 94, 3, 1300, 130, 0),
(896, '31', 94, 2, 1200, 120, 0),
(897, '32', 94, 2, 1200, 120, 0),
(898, '33', 94, 2, 1200, 120, 0),
(899, '34', 94, 2, 1200, 120, 0),
(900, '35', 94, 2, 1200, 120, 0),
(901, '36', 94, 2, 1200, 120, 0),
(902, '37', 94, 2, 1200, 120, 0),
(903, '38', 94, 2, 1200, 120, 0),
(904, '39', 94, 2, 1200, 120, 0),
(905, '40', 94, 2, 1200, 120, 0),
(906, '41', 94, 1, 1100, 110, 0),
(907, '42', 94, 1, 1100, 110, 0),
(908, '43', 94, 1, 1100, 110, 0),
(909, '44', 94, 1, 1100, 110, 0),
(910, '45', 94, 1, 1100, 110, 0),
(911, '46', 94, 1, 1100, 110, 0),
(912, '47', 94, 1, 1100, 110, 0),
(913, '48', 94, 1, 1100, 110, 0),
(914, '49', 94, 1, 1100, 110, 0),
(915, '50', 94, 1, 1100, 110, 0),
(916, '01', 64, 1, 1300, 130, 0),
(917, '02', 64, 1, 1300, 130, 0),
(918, '03', 64, 1, 1300, 130, 0),
(919, '04', 64, 1, 1300, 130, 0),
(920, '05', 64, 1, 1300, 130, 0),
(921, '06', 64, 1, 1300, 130, 0),
(922, '07', 64, 1, 1300, 130, 0),
(923, '08', 64, 1, 1300, 130, 0),
(924, '09', 64, 1, 1300, 130, 0),
(925, '10', 64, 1, 1300, 130, 0),
(926, '11', 64, 1, 1300, 130, 0),
(927, '12', 64, 2, 1400, 140, 0),
(928, '13', 64, 2, 1400, 140, 1),
(929, '14', 64, 2, 1400, 140, 0),
(930, '15', 64, 2, 1400, 140, 0),
(931, '16', 64, 2, 1400, 140, 0),
(932, '17', 64, 2, 1400, 140, 0),
(933, '18', 64, 2, 1400, 140, 0),
(934, '19', 64, 2, 1400, 140, 0),
(935, '20', 64, 2, 1400, 140, 0),
(936, '21', 64, 2, 1400, 140, 0),
(937, '22', 64, 2, 1400, 140, 0),
(938, '23', 64, 3, 1600, 160, 0),
(939, '24', 64, 3, 1600, 160, 0),
(940, '25', 64, 3, 1600, 160, 1),
(941, '26', 64, 3, 1600, 160, 0),
(942, '27', 64, 3, 1600, 160, 0),
(943, '28', 64, 3, 1600, 160, 0),
(944, '29', 64, 3, 1600, 160, 0),
(945, '30', 64, 3, 1600, 160, 0),
(946, '31', 64, 3, 1600, 160, 0),
(947, '32', 64, 3, 1600, 160, 0),
(948, '33', 64, 3, 1600, 160, 0),
(949, '34', 64, 4, 1300, 130, 0),
(950, '35', 64, 4, 1300, 130, 0),
(951, '36', 64, 4, 1300, 130, 0),
(952, '37', 64, 4, 1300, 130, 1),
(953, '38', 64, 4, 1300, 130, 0),
(954, '39', 64, 4, 1300, 130, 0),
(955, '40', 64, 4, 1300, 130, 0),
(956, '41', 64, 4, 1300, 130, 0),
(957, '42', 64, 4, 1300, 130, 0),
(958, '43', 64, 4, 1300, 130, 0),
(959, '44', 64, 4, 1300, 130, 0),
(960, '45', 64, 5, 1200, 120, 0),
(961, '46', 64, 5, 1200, 120, 0),
(962, '47', 64, 5, 1200, 120, 0),
(963, '48', 64, 5, 1200, 120, 0),
(964, '49', 64, 5, 1200, 120, 0),
(965, '50', 64, 5, 1200, 120, 0),
(966, '51', 64, 5, 1200, 120, 0),
(967, '52', 64, 5, 1200, 120, 0),
(968, '53', 64, 5, 1200, 120, 0),
(969, '54', 64, 5, 1200, 120, 0),
(970, '55', 64, 5, 1200, 120, 0),
(971, '01', 87, 1, 1600, 160, 0),
(972, '02', 87, 1, 1600, 160, 0),
(973, '03', 87, 1, 1600, 160, 0),
(974, '04', 87, 1, 1600, 160, 0),
(975, '05', 87, 1, 1600, 160, 0),
(976, '06', 87, 1, 1600, 160, 0),
(977, '07', 87, 1, 1600, 160, 0),
(978, '08', 87, 1, 1600, 160, 0),
(979, '09', 87, 1, 1600, 160, 0),
(980, '10', 87, 1, 1600, 160, 0),
(981, '11', 87, 1, 1600, 160, 0),
(982, '12', 87, 1, 1600, 160, 0),
(983, '13', 87, 1, 1600, 160, 0),
(984, '14', 87, 1, 1600, 160, 0),
(985, '15', 87, 1, 1600, 160, 0),
(986, '16', 87, 1, 1600, 160, 0),
(987, '17', 87, 1, 1600, 160, 0),
(988, '18', 87, 1, 1600, 160, 0),
(989, '19', 87, 1, 1600, 160, 0),
(990, '20', 87, 1, 1600, 160, 0),
(991, '21', 87, 1, 1600, 160, 0),
(992, '22', 87, 1, 1600, 160, 0),
(993, '23', 87, 1, 1600, 160, 0),
(994, '24', 87, 1, 1600, 160, 0),
(995, '25', 87, 1, 1600, 160, 0),
(996, '26', 87, 2, 1700, 170, 0),
(997, '27', 87, 2, 1700, 170, 0),
(998, '28', 87, 2, 1700, 170, 0),
(999, '29', 87, 2, 1700, 170, 0),
(1000, '30', 87, 2, 1700, 170, 0),
(1001, '31', 87, 2, 1700, 170, 0),
(1002, '32', 87, 2, 1700, 170, 0),
(1003, '33', 87, 2, 1700, 170, 0),
(1004, '34', 87, 2, 1700, 170, 0),
(1005, '35', 87, 2, 1700, 170, 0),
(1006, '36', 87, 2, 1700, 170, 0),
(1007, '37', 87, 2, 1700, 170, 0),
(1008, '38', 87, 2, 1700, 170, 0),
(1009, '39', 87, 2, 1700, 170, 0),
(1010, '40', 87, 2, 1700, 170, 0),
(1011, '41', 87, 2, 1700, 170, 0),
(1012, '42', 87, 2, 1700, 170, 0),
(1013, '43', 87, 2, 1700, 170, 0),
(1014, '44', 87, 2, 1700, 170, 0),
(1015, '45', 87, 2, 1700, 170, 0),
(1016, '46', 87, 2, 1700, 170, 0),
(1017, '47', 87, 2, 1700, 170, 0),
(1018, '48', 87, 2, 1700, 170, 0),
(1019, '49', 87, 2, 1700, 170, 0),
(1020, '50', 87, 2, 1700, 170, 0),
(1021, '51', 87, 3, 1900, 190, 0),
(1022, '52', 87, 3, 1900, 190, 0),
(1023, '53', 87, 3, 1900, 190, 0),
(1024, '54', 87, 3, 1900, 190, 0),
(1025, '55', 87, 3, 1900, 190, 0),
(1026, '56', 87, 3, 1900, 190, 0),
(1027, '57', 87, 3, 1900, 190, 0),
(1028, '58', 87, 3, 1900, 190, 0),
(1029, '59', 87, 3, 1900, 190, 0),
(1030, '60', 87, 3, 1900, 190, 0),
(1031, '61', 87, 3, 1900, 190, 0),
(1032, '62', 87, 3, 1900, 190, 0),
(1033, '63', 87, 3, 1900, 190, 0),
(1034, '64', 87, 3, 1900, 190, 0),
(1035, '65', 87, 3, 1900, 190, 0),
(1036, '66', 87, 3, 1900, 190, 0),
(1037, '67', 87, 3, 1900, 190, 0),
(1038, '68', 87, 3, 1900, 190, 0),
(1039, '69', 87, 3, 1900, 190, 0),
(1040, '70', 87, 3, 1900, 190, 0),
(1041, '71', 87, 3, 1900, 190, 0),
(1042, '72', 87, 3, 1900, 190, 0),
(1043, '73', 87, 3, 1900, 190, 0),
(1044, '74', 87, 3, 1900, 190, 0),
(1045, '75', 87, 3, 1900, 190, 0),
(1046, '76', 87, 4, 1700, 170, 0),
(1047, '77', 87, 4, 1700, 170, 0),
(1048, '78', 87, 4, 1700, 170, 0),
(1049, '79', 87, 4, 1700, 170, 0),
(1050, '80', 87, 4, 1700, 170, 0),
(1051, '81', 87, 4, 1700, 170, 0),
(1052, '82', 87, 4, 1700, 170, 0),
(1053, '83', 87, 4, 1700, 170, 0),
(1054, '84', 87, 4, 1700, 170, 0),
(1055, '85', 87, 4, 1700, 170, 0),
(1056, '86', 87, 4, 1700, 170, 0),
(1057, '87', 87, 4, 1700, 170, 0),
(1058, '88', 87, 4, 1700, 170, 0),
(1059, '89', 87, 4, 1700, 170, 0),
(1060, '90', 87, 4, 1700, 170, 0),
(1061, '91', 87, 4, 1700, 170, 0),
(1062, '92', 87, 4, 1700, 170, 0),
(1063, '93', 87, 4, 1700, 170, 0),
(1064, '94', 87, 4, 1700, 170, 0),
(1065, '95', 87, 4, 1700, 170, 0),
(1066, '96', 87, 4, 1700, 170, 0),
(1067, '97', 87, 4, 1700, 170, 0),
(1068, '98', 87, 4, 1700, 170, 0),
(1069, '99', 87, 4, 1700, 170, 0),
(1070, '100', 87, 4, 1700, 170, 0),
(1071, '101', 87, 5, 1600, 160, 0),
(1072, '102', 87, 5, 1600, 160, 0),
(1073, '103', 87, 5, 1600, 160, 0),
(1074, '104', 87, 5, 1600, 160, 0),
(1075, '105', 87, 5, 1600, 160, 0),
(1076, '106', 87, 5, 1600, 160, 0),
(1077, '107', 87, 5, 1600, 160, 0),
(1078, '108', 87, 5, 1600, 160, 0),
(1079, '109', 87, 5, 1600, 160, 0),
(1080, '110', 87, 5, 1600, 160, 0),
(1081, '111', 87, 5, 1600, 160, 0),
(1082, '112', 87, 5, 1600, 160, 0),
(1083, '113', 87, 5, 1600, 160, 0),
(1084, '114', 87, 5, 1600, 160, 0),
(1085, '115', 87, 5, 1600, 160, 0),
(1086, '116', 87, 5, 1600, 160, 0),
(1087, '117', 87, 5, 1600, 160, 0),
(1088, '118', 87, 5, 1600, 160, 0),
(1089, '119', 87, 5, 1600, 160, 0),
(1090, '120', 87, 5, 1600, 160, 0),
(1091, '121', 87, 5, 1600, 160, 0),
(1092, '122', 87, 5, 1600, 160, 0),
(1093, '123', 87, 5, 1600, 160, 0),
(1094, '124', 87, 5, 1600, 160, 0),
(1095, '125', 87, 5, 1600, 160, 0),
(1096, '126', 87, 6, 1500, 150, 0),
(1097, '127', 87, 6, 1500, 150, 0),
(1098, '128', 87, 6, 1500, 150, 0),
(1099, '129', 87, 6, 1500, 150, 0),
(1100, '130', 87, 6, 1500, 150, 0),
(1101, '131', 87, 6, 1500, 150, 0),
(1102, '132', 87, 6, 1500, 150, 0),
(1103, '133', 87, 6, 1500, 150, 0),
(1104, '134', 87, 6, 1500, 150, 0),
(1105, '135', 87, 6, 1500, 150, 0),
(1106, '136', 87, 6, 1500, 150, 0),
(1107, '137', 87, 6, 1500, 150, 0),
(1108, '138', 87, 6, 1500, 150, 0),
(1109, '139', 87, 6, 1500, 150, 0),
(1110, '140', 87, 6, 1500, 150, 0),
(1111, '141', 87, 6, 1500, 150, 0),
(1112, '142', 87, 6, 1500, 150, 0),
(1113, '143', 87, 6, 1500, 150, 0),
(1114, '144', 87, 6, 1500, 150, 0),
(1115, '145', 87, 6, 1500, 150, 0),
(1116, '146', 87, 6, 1500, 150, 0),
(1117, '147', 87, 6, 1500, 150, 0),
(1118, '148', 87, 6, 1500, 150, 0),
(1119, '149', 87, 6, 1500, 150, 0),
(1120, '150', 87, 6, 1500, 150, 0),
(1121, '151', 87, 7, 1600, 160, 0),
(1122, '152', 87, 7, 1600, 160, 0),
(1123, '153', 87, 7, 1600, 160, 0),
(1124, '154', 87, 7, 1600, 160, 0),
(1125, '155', 87, 7, 1600, 160, 0),
(1126, '156', 87, 7, 1600, 160, 0),
(1127, '157', 87, 7, 1600, 160, 0),
(1128, '158', 87, 7, 1600, 160, 0),
(1129, '159', 87, 7, 1600, 160, 0),
(1130, '160', 87, 7, 1600, 160, 0),
(1131, '161', 87, 7, 1600, 160, 0),
(1132, '162', 87, 7, 1600, 160, 0),
(1133, '163', 87, 7, 1600, 160, 0),
(1134, '164', 87, 7, 1600, 160, 0),
(1135, '165', 87, 7, 1600, 160, 0),
(1136, '166', 87, 7, 1600, 160, 0),
(1137, '167', 87, 7, 1600, 160, 0),
(1138, '168', 87, 7, 1600, 160, 0),
(1139, '169', 87, 7, 1600, 160, 0),
(1140, '170', 87, 7, 1600, 160, 0),
(1141, '171', 87, 7, 1600, 160, 0),
(1142, '172', 87, 7, 1600, 160, 0),
(1143, '173', 87, 7, 1600, 160, 0),
(1144, '174', 87, 7, 1600, 160, 0),
(1145, '175', 87, 7, 1600, 160, 0),
(1146, '176', 87, 8, 1700, 170, 0),
(1147, '177', 87, 8, 1700, 170, 0),
(1148, '178', 87, 8, 1700, 170, 0),
(1149, '179', 87, 8, 1700, 170, 0),
(1150, '180', 87, 8, 1700, 170, 0),
(1151, '181', 87, 8, 1700, 170, 0),
(1152, '182', 87, 8, 1700, 170, 0),
(1153, '183', 87, 8, 1700, 170, 0),
(1154, '184', 87, 8, 1700, 170, 0),
(1155, '185', 87, 8, 1700, 170, 0),
(1156, '186', 87, 8, 1700, 170, 0),
(1157, '187', 87, 8, 1700, 170, 0),
(1158, '188', 87, 8, 1700, 170, 0),
(1159, '189', 87, 8, 1700, 170, 0),
(1160, '190', 87, 8, 1700, 170, 0),
(1161, '191', 87, 8, 1700, 170, 0),
(1162, '192', 87, 8, 1700, 170, 0),
(1163, '193', 87, 8, 1700, 170, 0),
(1164, '194', 87, 8, 1700, 170, 0),
(1165, '195', 87, 8, 1700, 170, 0),
(1166, '196', 87, 8, 1700, 170, 0),
(1167, '197', 87, 8, 1700, 170, 0),
(1168, '198', 87, 8, 1700, 170, 0),
(1169, '199', 87, 8, 1700, 170, 0),
(1170, '200', 87, 8, 1700, 170, 0),
(1171, '201', 87, 9, 1900, 190, 0),
(1172, '202', 87, 9, 1900, 190, 0),
(1173, '203', 87, 9, 1900, 190, 0),
(1174, '204', 87, 9, 1900, 190, 0),
(1175, '205', 87, 9, 1900, 190, 0),
(1176, '206', 87, 9, 1900, 190, 0),
(1177, '207', 87, 9, 1900, 190, 0),
(1178, '208', 87, 9, 1900, 190, 0),
(1179, '209', 87, 9, 1900, 190, 0),
(1180, '210', 87, 9, 1900, 190, 0),
(1181, '211', 87, 9, 1900, 190, 0),
(1182, '212', 87, 9, 1900, 190, 0),
(1183, '213', 87, 9, 1900, 190, 0),
(1184, '214', 87, 9, 1900, 190, 0),
(1185, '215', 87, 9, 1900, 190, 0),
(1186, '216', 87, 9, 1900, 190, 0),
(1187, '217', 87, 9, 1900, 190, 0),
(1188, '218', 87, 9, 1900, 190, 0),
(1189, '219', 87, 9, 1900, 190, 0),
(1190, '220', 87, 9, 1900, 190, 0),
(1191, '221', 87, 9, 1900, 190, 0),
(1192, '222', 87, 9, 1900, 190, 0),
(1193, '223', 87, 9, 1900, 190, 0),
(1194, '224', 87, 9, 1900, 190, 0),
(1195, '225', 87, 9, 1900, 190, 0),
(1196, '226', 87, 10, 1700, 170, 0),
(1197, '227', 87, 10, 1700, 170, 0),
(1198, '228', 87, 10, 1700, 170, 0),
(1199, '229', 87, 10, 1700, 170, 0),
(1200, '230', 87, 10, 1700, 170, 0),
(1201, '231', 87, 10, 1700, 170, 0),
(1202, '232', 87, 10, 1700, 170, 0),
(1203, '233', 87, 10, 1700, 170, 0),
(1204, '234', 87, 10, 1700, 170, 0),
(1205, '235', 87, 10, 1700, 170, 0),
(1206, '236', 87, 10, 1700, 170, 0),
(1207, '237', 87, 10, 1700, 170, 0),
(1208, '238', 87, 10, 1700, 170, 0),
(1209, '239', 87, 10, 1700, 170, 0),
(1210, '240', 87, 10, 1700, 170, 0),
(1211, '241', 87, 10, 1700, 170, 0),
(1212, '242', 87, 10, 1700, 170, 0),
(1213, '243', 87, 10, 1700, 170, 0),
(1214, '244', 87, 10, 1700, 170, 0),
(1215, '245', 87, 10, 1700, 170, 0),
(1216, '246', 87, 10, 1700, 170, 0),
(1217, '247', 87, 10, 1700, 170, 0),
(1218, '248', 87, 10, 1700, 170, 0),
(1219, '249', 87, 10, 1700, 170, 0),
(1220, '250', 87, 10, 1700, 170, 0),
(1221, '251', 87, 11, 1600, 160, 0),
(1222, '252', 87, 11, 1600, 160, 0),
(1223, '253', 87, 11, 1600, 160, 0),
(1224, '254', 87, 11, 1600, 160, 0),
(1225, '255', 87, 11, 1600, 160, 0),
(1226, '256', 87, 11, 1600, 160, 0),
(1227, '257', 87, 11, 1600, 160, 0),
(1228, '258', 87, 11, 1600, 160, 0),
(1229, '259', 87, 11, 1600, 160, 0),
(1230, '260', 87, 11, 1600, 160, 0),
(1231, '261', 87, 11, 1600, 160, 0),
(1232, '262', 87, 11, 1600, 160, 0),
(1233, '263', 87, 11, 1600, 160, 0),
(1234, '264', 87, 11, 1600, 160, 0),
(1235, '265', 87, 11, 1600, 160, 0),
(1236, '266', 87, 11, 1600, 160, 0),
(1237, '267', 87, 11, 1600, 160, 0),
(1238, '268', 87, 11, 1600, 160, 0),
(1239, '269', 87, 11, 1600, 160, 0),
(1240, '270', 87, 11, 1600, 160, 0),
(1241, '271', 87, 11, 1600, 160, 0),
(1242, '272', 87, 11, 1600, 160, 0),
(1243, '273', 87, 11, 1600, 160, 0),
(1244, '274', 87, 11, 1600, 160, 0),
(1245, '275', 87, 11, 1600, 160, 0),
(1246, '276', 87, 12, 1500, 150, 0),
(1247, '277', 87, 12, 1500, 150, 0),
(1248, '278', 87, 12, 1500, 150, 0),
(1249, '279', 87, 12, 1500, 150, 0),
(1250, '280', 87, 12, 1500, 150, 0),
(1251, '281', 87, 12, 1500, 150, 0),
(1252, '282', 87, 12, 1500, 150, 0),
(1253, '283', 87, 12, 1500, 150, 0),
(1254, '284', 87, 12, 1500, 150, 0),
(1255, '285', 87, 12, 1500, 150, 0),
(1256, '286', 87, 12, 1500, 150, 0),
(1257, '287', 87, 12, 1500, 150, 0),
(1258, '288', 87, 12, 1500, 150, 0),
(1259, '289', 87, 12, 1500, 150, 0),
(1260, '290', 87, 12, 1500, 150, 0),
(1261, '291', 87, 12, 1500, 150, 0),
(1262, '292', 87, 12, 1500, 150, 0),
(1263, '293', 87, 12, 1500, 150, 0),
(1264, '294', 87, 12, 1500, 150, 0),
(1265, '295', 87, 12, 1500, 150, 0),
(1266, '296', 87, 12, 1500, 150, 0),
(1267, '297', 87, 12, 1500, 150, 0),
(1268, '298', 87, 12, 1500, 150, 0),
(1269, '299', 87, 12, 1500, 150, 0),
(1270, '300', 87, 12, 1500, 150, 0),
(1271, '01', 67, 1, 1300, 130, 0),
(1272, '02', 67, 1, 1300, 130, 0),
(1273, '03', 67, 1, 1300, 130, 0),
(1274, '04', 67, 1, 1300, 130, 0),
(1275, '05', 67, 1, 1300, 130, 0),
(1276, '06', 67, 1, 1300, 130, 0),
(1277, '07', 67, 1, 1300, 130, 0),
(1278, '08', 67, 1, 1300, 130, 0),
(1279, '09', 67, 1, 1300, 130, 0),
(1280, '10', 67, 1, 1300, 130, 0),
(1281, '11', 67, 1, 1300, 130, 0),
(1282, '12', 67, 1, 1300, 130, 0),
(1283, '13', 67, 1, 1300, 130, 0),
(1284, '14', 67, 1, 1300, 130, 0),
(1285, '15', 67, 1, 1300, 130, 0),
(1286, '16', 67, 1, 1300, 130, 0),
(1287, '17', 67, 1, 1300, 130, 0),
(1288, '18', 67, 1, 1300, 130, 0),
(1289, '19', 67, 1, 1300, 130, 0),
(1290, '20', 67, 1, 1300, 130, 0),
(1291, '21', 67, 1, 1300, 130, 0),
(1292, '22', 67, 1, 1300, 130, 0),
(1293, '23', 67, 1, 1300, 130, 0),
(1294, '24', 67, 1, 1300, 130, 0),
(1295, '25', 67, 2, 1400, 140, 0),
(1296, '26', 67, 2, 1400, 140, 0),
(1297, '27', 67, 2, 1400, 140, 0),
(1298, '28', 67, 2, 1400, 140, 0),
(1299, '29', 67, 2, 1400, 140, 0),
(1300, '30', 67, 2, 1400, 140, 0),
(1301, '31', 67, 2, 1400, 140, 0),
(1302, '32', 67, 2, 1400, 140, 0),
(1303, '33', 67, 2, 1400, 140, 0),
(1304, '34', 67, 2, 1400, 140, 0),
(1305, '35', 67, 2, 1400, 140, 0),
(1306, '36', 67, 2, 1400, 140, 0),
(1307, '37', 67, 2, 1400, 140, 0),
(1308, '38', 67, 2, 1400, 140, 0),
(1309, '39', 67, 2, 1400, 140, 0),
(1310, '40', 67, 2, 1400, 140, 0),
(1311, '41', 67, 2, 1400, 140, 0),
(1312, '42', 67, 2, 1400, 140, 0),
(1313, '43', 67, 2, 1400, 140, 0),
(1314, '44', 67, 2, 1400, 140, 0),
(1315, '45', 67, 2, 1400, 140, 0),
(1316, '46', 67, 2, 1400, 140, 0),
(1317, '47', 67, 2, 1400, 140, 0),
(1318, '48', 67, 2, 1400, 140, 0),
(1319, '49', 67, 3, 1600, 160, 0),
(1320, '50', 67, 3, 1600, 160, 0),
(1321, '51', 67, 3, 1600, 160, 0),
(1322, '52', 67, 3, 1600, 160, 0),
(1323, '53', 67, 3, 1600, 160, 0),
(1324, '54', 67, 3, 1600, 160, 0),
(1325, '55', 67, 3, 1600, 160, 0),
(1326, '56', 67, 3, 1600, 160, 0),
(1327, '57', 67, 3, 1600, 160, 0),
(1328, '58', 67, 3, 1600, 160, 0),
(1329, '59', 67, 3, 1600, 160, 0),
(1330, '60', 67, 3, 1600, 160, 0),
(1331, '61', 67, 3, 1600, 160, 0),
(1332, '62', 67, 3, 1600, 160, 0),
(1333, '63', 67, 3, 1600, 160, 0),
(1334, '64', 67, 3, 1600, 160, 0),
(1335, '65', 67, 3, 1600, 160, 0),
(1336, '66', 67, 3, 1600, 160, 0),
(1337, '67', 67, 3, 1600, 160, 0),
(1338, '68', 67, 3, 1600, 160, 0),
(1339, '69', 67, 3, 1600, 160, 0),
(1340, '70', 67, 3, 1600, 160, 0),
(1341, '71', 67, 3, 1600, 160, 0),
(1342, '72', 67, 3, 1600, 160, 0),
(1343, '73', 67, 4, 1300, 130, 0),
(1344, '74', 67, 4, 1300, 130, 0),
(1345, '75', 67, 4, 1300, 130, 0),
(1346, '76', 67, 4, 1300, 130, 0),
(1347, '77', 67, 4, 1300, 130, 0),
(1348, '78', 67, 4, 1300, 130, 0),
(1349, '79', 67, 4, 1300, 130, 0),
(1350, '80', 67, 4, 1300, 130, 0),
(1351, '81', 67, 4, 1300, 130, 0),
(1352, '82', 67, 4, 1300, 130, 0),
(1353, '83', 67, 4, 1300, 130, 0),
(1354, '84', 67, 4, 1300, 130, 0),
(1355, '85', 67, 4, 1300, 130, 0),
(1356, '86', 67, 4, 1300, 130, 0),
(1357, '87', 67, 4, 1300, 130, 0),
(1358, '88', 67, 4, 1300, 130, 0),
(1359, '89', 67, 4, 1300, 130, 0),
(1360, '90', 67, 4, 1300, 130, 0),
(1361, '91', 67, 4, 1300, 130, 0),
(1362, '92', 67, 4, 1300, 130, 0),
(1363, '93', 67, 4, 1300, 130, 0),
(1364, '94', 67, 4, 1300, 130, 0),
(1365, '95', 67, 4, 1300, 130, 0),
(1366, '96', 67, 4, 1300, 130, 0),
(1367, '97', 67, 5, 1200, 120, 0),
(1368, '98', 67, 5, 1200, 120, 0),
(1369, '99', 67, 5, 1200, 120, 0),
(1370, '100', 67, 5, 1200, 120, 0),
(1371, '101', 67, 5, 1200, 120, 0),
(1372, '102', 67, 5, 1200, 120, 0),
(1373, '103', 67, 5, 1200, 120, 0),
(1374, '104', 67, 5, 1200, 120, 0),
(1375, '105', 67, 5, 1200, 120, 0),
(1376, '106', 67, 5, 1200, 120, 0),
(1377, '107', 67, 5, 1200, 120, 0),
(1378, '108', 67, 5, 1200, 120, 0),
(1379, '109', 67, 5, 1200, 120, 0),
(1380, '110', 67, 5, 1200, 120, 0),
(1381, '111', 67, 5, 1200, 120, 0),
(1382, '112', 67, 5, 1200, 120, 0),
(1383, '113', 67, 5, 1200, 120, 0),
(1384, '114', 67, 5, 1200, 120, 0),
(1385, '115', 67, 5, 1200, 120, 0),
(1386, '116', 67, 5, 1200, 120, 0),
(1387, '117', 67, 5, 1200, 120, 0),
(1388, '118', 67, 5, 1200, 120, 0),
(1389, '119', 67, 5, 1200, 120, 0),
(1390, '120', 67, 5, 1200, 120, 0),
(1391, '121', 67, 6, 1300, 130, 0),
(1392, '122', 67, 6, 1300, 130, 0),
(1393, '123', 67, 6, 1300, 130, 0),
(1394, '124', 67, 6, 1300, 130, 0),
(1395, '125', 67, 6, 1300, 130, 0),
(1396, '126', 67, 6, 1300, 130, 0),
(1397, '127', 67, 6, 1300, 130, 0),
(1398, '128', 67, 6, 1300, 130, 0),
(1399, '129', 67, 6, 1300, 130, 0),
(1400, '130', 67, 6, 1300, 130, 0),
(1401, '131', 67, 6, 1300, 130, 0),
(1402, '132', 67, 6, 1300, 130, 0),
(1403, '133', 67, 6, 1300, 130, 0),
(1404, '134', 67, 6, 1300, 130, 0),
(1405, '135', 67, 6, 1300, 130, 0),
(1406, '136', 67, 6, 1300, 130, 0),
(1407, '137', 67, 6, 1300, 130, 0),
(1408, '138', 67, 6, 1300, 130, 0),
(1409, '139', 67, 6, 1300, 130, 0),
(1410, '140', 67, 6, 1300, 130, 0),
(1411, '141', 67, 6, 1300, 130, 0),
(1412, '142', 67, 6, 1300, 130, 0),
(1413, '143', 67, 6, 1300, 130, 0),
(1414, '144', 67, 6, 1300, 130, 0),
(1415, '145', 67, 7, 1400, 140, 0),
(1416, '146', 67, 7, 1400, 140, 0),
(1417, '147', 67, 7, 1400, 140, 0),
(1418, '148', 67, 7, 1400, 140, 0),
(1419, '149', 67, 7, 1400, 140, 0),
(1420, '150', 67, 7, 1400, 140, 0),
(1421, '151', 67, 7, 1400, 140, 0),
(1422, '152', 67, 7, 1400, 140, 0),
(1423, '153', 67, 7, 1400, 140, 0),
(1424, '154', 67, 7, 1400, 140, 0),
(1425, '155', 67, 7, 1400, 140, 0),
(1426, '156', 67, 7, 1400, 140, 0),
(1427, '157', 67, 7, 1400, 140, 0),
(1428, '158', 67, 7, 1400, 140, 0),
(1429, '159', 67, 7, 1400, 140, 0),
(1430, '160', 67, 7, 1400, 140, 0),
(1431, '161', 67, 7, 1400, 140, 0),
(1432, '162', 67, 7, 1400, 140, 0),
(1433, '163', 67, 7, 1400, 140, 0),
(1434, '164', 67, 7, 1400, 140, 0),
(1435, '165', 67, 7, 1400, 140, 0),
(1436, '166', 67, 7, 1400, 140, 0),
(1437, '167', 67, 7, 1400, 140, 0),
(1438, '168', 67, 7, 1400, 140, 0),
(1439, '169', 67, 8, 1600, 160, 0),
(1440, '170', 67, 8, 1600, 160, 0),
(1441, '171', 67, 8, 1600, 160, 0),
(1442, '172', 67, 8, 1600, 160, 0),
(1443, '173', 67, 8, 1600, 160, 0),
(1444, '174', 67, 8, 1600, 160, 0),
(1445, '175', 67, 8, 1600, 160, 0),
(1446, '176', 67, 8, 1600, 160, 0),
(1447, '177', 67, 8, 1600, 160, 0),
(1448, '178', 67, 8, 1600, 160, 0),
(1449, '179', 67, 8, 1600, 160, 0),
(1450, '180', 67, 8, 1600, 160, 0),
(1451, '181', 67, 8, 1600, 160, 0),
(1452, '182', 67, 8, 1600, 160, 0),
(1453, '183', 67, 8, 1600, 160, 0),
(1454, '184', 67, 8, 1600, 160, 0),
(1455, '185', 67, 8, 1600, 160, 0),
(1456, '186', 67, 8, 1600, 160, 0),
(1457, '187', 67, 8, 1600, 160, 0),
(1458, '188', 67, 8, 1600, 160, 0),
(1459, '189', 67, 8, 1600, 160, 0),
(1460, '190', 67, 8, 1600, 160, 0),
(1461, '191', 67, 8, 1600, 160, 0),
(1462, '192', 67, 8, 1600, 160, 0),
(1463, '193', 67, 9, 1300, 130, 0),
(1464, '194', 67, 9, 1300, 130, 0),
(1465, '195', 67, 9, 1300, 130, 0),
(1466, '196', 67, 9, 1300, 130, 0),
(1467, '197', 67, 9, 1300, 130, 0),
(1468, '198', 67, 9, 1300, 130, 0),
(1469, '199', 67, 9, 1300, 130, 0),
(1470, '200', 67, 9, 1300, 130, 0),
(1471, '201', 67, 9, 1300, 130, 0),
(1472, '202', 67, 9, 1300, 130, 0),
(1473, '203', 67, 9, 1300, 130, 0),
(1474, '204', 67, 9, 1300, 130, 0),
(1475, '205', 67, 9, 1300, 130, 0),
(1476, '206', 67, 9, 1300, 130, 0),
(1477, '207', 67, 9, 1300, 130, 0),
(1478, '208', 67, 9, 1300, 130, 0),
(1479, '209', 67, 9, 1300, 130, 0),
(1480, '210', 67, 9, 1300, 130, 0),
(1481, '211', 67, 9, 1300, 130, 0),
(1482, '212', 67, 9, 1300, 130, 0),
(1483, '213', 67, 9, 1300, 130, 0),
(1484, '214', 67, 9, 1300, 130, 0),
(1485, '215', 67, 9, 1300, 130, 0),
(1486, '216', 67, 9, 1300, 130, 0),
(1487, '217', 67, 10, 1200, 120, 0),
(1488, '218', 67, 10, 1200, 120, 0),
(1489, '219', 67, 10, 1200, 120, 0),
(1490, '220', 67, 10, 1200, 120, 0),
(1491, '221', 67, 10, 1200, 120, 0),
(1492, '222', 67, 10, 1200, 120, 0),
(1493, '223', 67, 10, 1200, 120, 0),
(1494, '224', 67, 10, 1200, 120, 0),
(1495, '225', 67, 10, 1200, 120, 0),
(1496, '226', 67, 10, 1200, 120, 0),
(1497, '227', 67, 10, 1200, 120, 0),
(1498, '228', 67, 10, 1200, 120, 0),
(1499, '229', 67, 10, 1200, 120, 0),
(1500, '230', 67, 10, 1200, 120, 0),
(1501, '231', 67, 10, 1200, 120, 0),
(1502, '232', 67, 10, 1200, 120, 0),
(1503, '233', 67, 10, 1200, 120, 0),
(1504, '234', 67, 10, 1200, 120, 0),
(1505, '235', 67, 10, 1200, 120, 0),
(1506, '236', 67, 10, 1200, 120, 0),
(1507, '237', 67, 10, 1200, 120, 0),
(1508, '238', 67, 10, 1200, 120, 0),
(1509, '239', 67, 10, 1200, 120, 0),
(1510, '240', 67, 10, 1200, 120, 0),
(1511, '01', 88, 1, 2300, 230, 0),
(1512, '02', 88, 1, 2300, 230, 0),
(1513, '03', 88, 1, 2300, 230, 0),
(1514, '04', 88, 1, 2300, 230, 0),
(1515, '05', 88, 1, 2300, 230, 0),
(1516, '06', 88, 1, 2300, 230, 0),
(1517, '07', 88, 1, 2300, 230, 0),
(1518, '08', 88, 1, 2300, 230, 0),
(1519, '09', 88, 1, 2300, 230, 0),
(1520, '10', 88, 1, 2300, 230, 0),
(1521, '11', 88, 1, 2300, 230, 0),
(1522, '12', 88, 1, 2300, 230, 0),
(1523, '13', 88, 1, 2300, 230, 0),
(1524, '14', 88, 1, 2300, 230, 0),
(1525, '15', 88, 1, 2300, 230, 0),
(1526, '16', 88, 1, 2300, 230, 0),
(1527, '17', 88, 1, 2300, 230, 0),
(1528, '18', 88, 1, 2300, 230, 0),
(1529, '19', 88, 1, 2300, 230, 0),
(1530, '20', 88, 1, 2300, 230, 0),
(1531, '21', 88, 1, 2300, 230, 0),
(1532, '22', 88, 1, 2300, 230, 0),
(1533, '23', 88, 1, 2300, 230, 0),
(1534, '24', 88, 1, 2300, 230, 0),
(1535, '25', 88, 1, 2300, 230, 0),
(1536, '26', 88, 1, 2300, 230, 0),
(1537, '27', 88, 1, 2300, 230, 0),
(1538, '28', 88, 1, 2300, 230, 0),
(1539, '29', 88, 1, 2300, 230, 0),
(1540, '30', 88, 1, 2300, 230, 0),
(1541, '31', 88, 1, 2300, 230, 0),
(1542, '32', 88, 1, 2300, 230, 0),
(1543, '33', 88, 1, 2300, 230, 0),
(1544, '34', 88, 2, 2400, 240, 0),
(1545, '35', 88, 2, 2400, 240, 0),
(1546, '36', 88, 2, 2400, 240, 0),
(1547, '37', 88, 2, 2400, 240, 0),
(1548, '38', 88, 2, 2400, 240, 0),
(1549, '39', 88, 2, 2400, 240, 0),
(1550, '40', 88, 2, 2400, 240, 0),
(1551, '41', 88, 2, 2400, 240, 0),
(1552, '42', 88, 2, 2400, 240, 0),
(1553, '43', 88, 2, 2400, 240, 0),
(1554, '44', 88, 2, 2400, 240, 0),
(1555, '45', 88, 2, 2400, 240, 0),
(1556, '46', 88, 2, 2400, 240, 0),
(1557, '47', 88, 2, 2400, 240, 0),
(1558, '48', 88, 2, 2400, 240, 0),
(1559, '49', 88, 2, 2400, 240, 0),
(1560, '50', 88, 2, 2400, 240, 0),
(1561, '51', 88, 2, 2400, 240, 0),
(1562, '52', 88, 2, 2400, 240, 0),
(1563, '53', 88, 2, 2400, 240, 0),
(1564, '54', 88, 2, 2400, 240, 0),
(1565, '55', 88, 2, 2400, 240, 0),
(1566, '56', 88, 2, 2400, 240, 0),
(1567, '57', 88, 2, 2400, 240, 0),
(1568, '58', 88, 2, 2400, 240, 0),
(1569, '59', 88, 2, 2400, 240, 0);
INSERT INTO `tnicho` (`id_nicho`, `numero_nicho`, `id_cuartel`, `nivel`, `precio`, `precio_renovacion`, `estado`) VALUES
(1570, '60', 88, 2, 2400, 240, 0),
(1571, '61', 88, 2, 2400, 240, 0),
(1572, '62', 88, 2, 2400, 240, 0),
(1573, '63', 88, 2, 2400, 240, 0),
(1574, '64', 88, 2, 2400, 240, 0),
(1575, '65', 88, 2, 2400, 240, 0),
(1576, '66', 88, 2, 2400, 240, 0),
(1577, '67', 88, 3, 2500, 250, 0),
(1578, '68', 88, 3, 2500, 250, 0),
(1579, '69', 88, 3, 2500, 250, 0),
(1580, '70', 88, 3, 2500, 250, 0),
(1581, '71', 88, 3, 2500, 250, 0),
(1582, '72', 88, 3, 2500, 250, 0),
(1583, '73', 88, 3, 2500, 250, 0),
(1584, '74', 88, 3, 2500, 250, 0),
(1585, '75', 88, 3, 2500, 250, 0),
(1586, '76', 88, 3, 2500, 250, 0),
(1587, '77', 88, 3, 2500, 250, 0),
(1588, '78', 88, 3, 2500, 250, 0),
(1589, '79', 88, 3, 2500, 250, 0),
(1590, '80', 88, 3, 2500, 250, 0),
(1591, '81', 88, 3, 2500, 250, 0),
(1592, '82', 88, 3, 2500, 250, 0),
(1593, '83', 88, 3, 2500, 250, 0),
(1594, '84', 88, 3, 2500, 250, 0),
(1595, '85', 88, 3, 2500, 250, 0),
(1596, '86', 88, 3, 2500, 250, 0),
(1597, '87', 88, 3, 2500, 250, 0),
(1598, '88', 88, 3, 2500, 250, 0),
(1599, '89', 88, 3, 2500, 250, 0),
(1600, '90', 88, 3, 2500, 250, 0),
(1601, '91', 88, 3, 2500, 250, 0),
(1602, '92', 88, 3, 2500, 250, 0),
(1603, '93', 88, 3, 2500, 250, 0),
(1604, '94', 88, 3, 2500, 250, 0),
(1605, '95', 88, 3, 2500, 250, 0),
(1606, '96', 88, 3, 2500, 250, 0),
(1607, '97', 88, 3, 2500, 250, 0),
(1608, '98', 88, 3, 2500, 250, 0),
(1609, '99', 88, 3, 2500, 250, 0),
(1610, '100', 88, 4, 2400, 240, 0),
(1611, '101', 88, 4, 2400, 240, 0),
(1612, '102', 88, 4, 2400, 240, 0),
(1613, '103', 88, 4, 2400, 240, 0),
(1614, '104', 88, 4, 2400, 240, 0),
(1615, '105', 88, 4, 2400, 240, 0),
(1616, '106', 88, 4, 2400, 240, 0),
(1617, '107', 88, 4, 2400, 240, 0),
(1618, '108', 88, 4, 2400, 240, 0),
(1619, '109', 88, 4, 2400, 240, 0),
(1620, '110', 88, 4, 2400, 240, 0),
(1621, '111', 88, 4, 2400, 240, 0),
(1622, '112', 88, 4, 2400, 240, 0),
(1623, '113', 88, 4, 2400, 240, 0),
(1624, '114', 88, 4, 2400, 240, 0),
(1625, '115', 88, 4, 2400, 240, 0),
(1626, '116', 88, 4, 2400, 240, 0),
(1627, '117', 88, 4, 2400, 240, 0),
(1628, '118', 88, 4, 2400, 240, 0),
(1629, '119', 88, 4, 2400, 240, 0),
(1630, '120', 88, 4, 2400, 240, 0),
(1631, '121', 88, 4, 2400, 240, 0),
(1632, '122', 88, 4, 2400, 240, 0),
(1633, '123', 88, 4, 2400, 240, 0),
(1634, '124', 88, 4, 2400, 240, 0),
(1635, '125', 88, 4, 2400, 240, 0),
(1636, '126', 88, 4, 2400, 240, 0),
(1637, '127', 88, 4, 2400, 240, 0),
(1638, '128', 88, 4, 2400, 240, 0),
(1639, '129', 88, 4, 2400, 240, 0),
(1640, '130', 88, 4, 2400, 240, 0),
(1641, '131', 88, 4, 2400, 240, 0),
(1642, '132', 88, 4, 2400, 240, 0),
(1643, '133', 88, 5, 2000, 200, 0),
(1644, '134', 88, 5, 2000, 200, 0),
(1645, '135', 88, 5, 2000, 200, 0),
(1646, '136', 88, 5, 2000, 200, 0),
(1647, '137', 88, 5, 2000, 200, 0),
(1648, '138', 88, 5, 2000, 200, 0),
(1649, '139', 88, 5, 2000, 200, 0),
(1650, '140', 88, 5, 2000, 200, 0),
(1651, '141', 88, 5, 2000, 200, 0),
(1652, '142', 88, 5, 2000, 200, 0),
(1653, '143', 88, 5, 2000, 200, 0),
(1654, '144', 88, 5, 2000, 200, 0),
(1655, '145', 88, 5, 2000, 200, 0),
(1656, '146', 88, 5, 2000, 200, 0),
(1657, '147', 88, 5, 2000, 200, 0),
(1658, '148', 88, 5, 2000, 200, 0),
(1659, '149', 88, 5, 2000, 200, 0),
(1660, '150', 88, 5, 2000, 200, 0),
(1661, '151', 88, 5, 2000, 200, 0),
(1662, '152', 88, 5, 2000, 200, 0),
(1663, '153', 88, 5, 2000, 200, 0),
(1664, '154', 88, 5, 2000, 200, 0),
(1665, '155', 88, 5, 2000, 200, 0),
(1666, '156', 88, 5, 2000, 200, 0),
(1667, '157', 88, 5, 2000, 200, 0),
(1668, '158', 88, 5, 2000, 200, 0),
(1669, '159', 88, 5, 2000, 200, 0),
(1670, '160', 88, 5, 2000, 200, 0),
(1671, '161', 88, 5, 2000, 200, 0),
(1672, '162', 88, 5, 2000, 200, 0),
(1673, '163', 88, 5, 2000, 200, 0),
(1674, '164', 88, 5, 2000, 200, 0),
(1675, '165', 88, 5, 2000, 200, 0),
(1676, '166', 88, 6, 1800, 180, 0),
(1677, '167', 88, 6, 1800, 180, 0),
(1678, '168', 88, 6, 1800, 180, 0),
(1679, '169', 88, 6, 1800, 180, 0),
(1680, '170', 88, 6, 1800, 180, 0),
(1681, '171', 88, 6, 1800, 180, 0),
(1682, '172', 88, 6, 1800, 180, 0),
(1683, '173', 88, 6, 1800, 180, 0),
(1684, '174', 88, 6, 1800, 180, 0),
(1685, '175', 88, 6, 1800, 180, 0),
(1686, '176', 88, 6, 1800, 180, 0),
(1687, '177', 88, 6, 1800, 180, 0),
(1688, '178', 88, 6, 1800, 180, 0),
(1689, '179', 88, 6, 1800, 180, 0),
(1690, '180', 88, 6, 1800, 180, 0),
(1691, '181', 88, 6, 1800, 180, 0),
(1692, '182', 88, 6, 1800, 180, 0),
(1693, '183', 88, 6, 1800, 180, 0),
(1694, '184', 88, 6, 1800, 180, 0),
(1695, '185', 88, 6, 1800, 180, 0),
(1696, '186', 88, 6, 1800, 180, 0),
(1697, '187', 88, 6, 1800, 180, 0),
(1698, '188', 88, 6, 1800, 180, 0),
(1699, '189', 88, 6, 1800, 180, 0),
(1700, '190', 88, 6, 1800, 180, 0),
(1701, '191', 88, 6, 1800, 180, 0),
(1702, '192', 88, 6, 1800, 180, 0),
(1703, '193', 88, 6, 1800, 180, 0),
(1704, '194', 88, 6, 1800, 180, 0),
(1705, '195', 88, 6, 1800, 180, 0),
(1706, '196', 88, 6, 1800, 180, 0),
(1707, '197', 88, 6, 1800, 180, 0),
(1708, '198', 88, 6, 1800, 180, 0),
(1709, '199', 88, 7, 2300, 230, 0),
(1710, '200', 88, 7, 2300, 230, 0),
(1711, '201', 88, 7, 2300, 230, 0),
(1712, '202', 88, 7, 2300, 230, 0),
(1713, '203', 88, 7, 2300, 230, 0),
(1714, '204', 88, 7, 2300, 230, 0),
(1715, '205', 88, 7, 2300, 230, 0),
(1716, '206', 88, 7, 2300, 230, 0),
(1717, '207', 88, 7, 2300, 230, 0),
(1718, '208', 88, 7, 2300, 230, 0),
(1719, '209', 88, 7, 2300, 230, 0),
(1720, '210', 88, 7, 2300, 230, 0),
(1721, '211', 88, 7, 2300, 230, 0),
(1722, '212', 88, 7, 2300, 230, 0),
(1723, '213', 88, 7, 2300, 230, 0),
(1724, '214', 88, 7, 2300, 230, 0),
(1725, '215', 88, 7, 2300, 230, 0),
(1726, '216', 88, 7, 2300, 230, 0),
(1727, '217', 88, 7, 2300, 230, 0),
(1728, '218', 88, 7, 2300, 230, 0),
(1729, '219', 88, 7, 2300, 230, 0),
(1730, '220', 88, 7, 2300, 230, 0),
(1731, '221', 88, 7, 2300, 230, 0),
(1732, '222', 88, 7, 2300, 230, 0),
(1733, '223', 88, 7, 2300, 230, 0),
(1734, '224', 88, 7, 2300, 230, 0),
(1735, '225', 88, 7, 2300, 230, 0),
(1736, '226', 88, 7, 2300, 230, 0),
(1737, '227', 88, 7, 2300, 230, 0),
(1738, '228', 88, 7, 2300, 230, 0),
(1739, '229', 88, 7, 2300, 230, 0),
(1740, '230', 88, 7, 2300, 230, 0),
(1741, '231', 88, 7, 2300, 230, 0),
(1742, '232', 88, 8, 2400, 240, 0),
(1743, '233', 88, 8, 2400, 240, 0),
(1744, '234', 88, 8, 2400, 240, 0),
(1745, '235', 88, 8, 2400, 240, 0),
(1746, '236', 88, 8, 2400, 240, 0),
(1747, '237', 88, 8, 2400, 240, 0),
(1748, '238', 88, 8, 2400, 240, 0),
(1749, '239', 88, 8, 2400, 240, 0),
(1750, '240', 88, 8, 2400, 240, 0),
(1751, '241', 88, 8, 2400, 240, 0),
(1752, '242', 88, 8, 2400, 240, 0),
(1753, '243', 88, 8, 2400, 240, 0),
(1754, '244', 88, 8, 2400, 240, 0),
(1755, '245', 88, 8, 2400, 240, 0),
(1756, '246', 88, 8, 2400, 240, 0),
(1757, '247', 88, 8, 2400, 240, 0),
(1758, '248', 88, 8, 2400, 240, 0),
(1759, '249', 88, 8, 2400, 240, 0),
(1760, '250', 88, 8, 2400, 240, 0),
(1761, '251', 88, 8, 2400, 240, 0),
(1762, '252', 88, 8, 2400, 240, 0),
(1763, '253', 88, 8, 2400, 240, 0),
(1764, '254', 88, 8, 2400, 240, 0),
(1765, '255', 88, 8, 2400, 240, 0),
(1766, '256', 88, 8, 2400, 240, 0),
(1767, '257', 88, 8, 2400, 240, 0),
(1768, '258', 88, 8, 2400, 240, 0),
(1769, '259', 88, 8, 2400, 240, 0),
(1770, '260', 88, 8, 2400, 240, 0),
(1771, '261', 88, 8, 2400, 240, 0),
(1772, '262', 88, 8, 2400, 240, 0),
(1773, '263', 88, 8, 2400, 240, 0),
(1774, '264', 88, 8, 2400, 240, 0),
(1775, '265', 88, 9, 2500, 250, 0),
(1776, '266', 88, 9, 2500, 250, 0),
(1777, '267', 88, 9, 2500, 250, 0),
(1778, '268', 88, 9, 2500, 250, 0),
(1779, '269', 88, 9, 2500, 250, 0),
(1780, '270', 88, 9, 2500, 250, 0),
(1781, '271', 88, 9, 2500, 250, 0),
(1782, '272', 88, 9, 2500, 250, 0),
(1783, '273', 88, 9, 2500, 250, 0),
(1784, '274', 88, 9, 2500, 250, 0),
(1785, '275', 88, 9, 2500, 250, 0),
(1786, '276', 88, 9, 2500, 250, 0),
(1787, '277', 88, 9, 2500, 250, 0),
(1788, '278', 88, 9, 2500, 250, 0),
(1789, '279', 88, 9, 2500, 250, 0),
(1790, '280', 88, 9, 2500, 250, 0),
(1791, '281', 88, 9, 2500, 250, 0),
(1792, '282', 88, 9, 2500, 250, 0),
(1793, '283', 88, 9, 2500, 250, 0),
(1794, '284', 88, 9, 2500, 250, 0),
(1795, '285', 88, 9, 2500, 250, 0),
(1796, '286', 88, 9, 2500, 250, 0),
(1797, '287', 88, 9, 2500, 250, 0),
(1798, '288', 88, 9, 2500, 250, 0),
(1799, '289', 88, 9, 2500, 250, 0),
(1800, '290', 88, 9, 2500, 250, 0),
(1801, '291', 88, 9, 2500, 250, 0),
(1802, '292', 88, 9, 2500, 250, 0),
(1803, '293', 88, 9, 2500, 250, 0),
(1804, '294', 88, 9, 2500, 250, 0),
(1805, '295', 88, 9, 2500, 250, 0),
(1806, '296', 88, 9, 2500, 250, 0),
(1807, '297', 88, 9, 2500, 250, 0),
(1808, '298', 88, 10, 2400, 240, 0),
(1809, '299', 88, 10, 2400, 240, 0),
(1810, '300', 88, 10, 2400, 240, 0),
(1811, '301', 88, 10, 2400, 240, 0),
(1812, '302', 88, 10, 2400, 240, 0),
(1813, '303', 88, 10, 2400, 240, 0),
(1814, '304', 88, 10, 2400, 240, 0),
(1815, '305', 88, 10, 2400, 240, 0),
(1816, '306', 88, 10, 2400, 240, 0),
(1817, '307', 88, 10, 2400, 240, 0),
(1818, '308', 88, 10, 2400, 240, 0),
(1819, '309', 88, 10, 2400, 240, 0),
(1820, '310', 88, 10, 2400, 240, 0),
(1821, '311', 88, 10, 2400, 240, 0),
(1822, '312', 88, 10, 2400, 240, 0),
(1823, '313', 88, 10, 2400, 240, 0),
(1824, '314', 88, 10, 2400, 240, 0),
(1825, '315', 88, 10, 2400, 240, 0),
(1826, '316', 88, 10, 2400, 240, 0),
(1827, '317', 88, 10, 2400, 240, 0),
(1828, '318', 88, 10, 2400, 240, 0),
(1829, '319', 88, 10, 2400, 240, 0),
(1830, '320', 88, 10, 2400, 240, 0),
(1831, '321', 88, 10, 2400, 240, 0),
(1832, '322', 88, 10, 2400, 240, 0),
(1833, '323', 88, 10, 2400, 240, 0),
(1834, '324', 88, 10, 2400, 240, 0),
(1835, '325', 88, 10, 2400, 240, 0),
(1836, '326', 88, 10, 2400, 240, 0),
(1837, '327', 88, 10, 2400, 240, 0),
(1838, '328', 88, 10, 2400, 240, 0),
(1839, '329', 88, 10, 2400, 240, 0),
(1840, '330', 88, 10, 2400, 240, 0),
(1841, '331', 88, 11, 2000, 200, 0),
(1842, '332', 88, 11, 2000, 200, 0),
(1843, '333', 88, 11, 2000, 200, 0),
(1844, '334', 88, 11, 2000, 200, 0),
(1845, '335', 88, 11, 2000, 200, 0),
(1846, '336', 88, 11, 2000, 200, 0),
(1847, '337', 88, 11, 2000, 200, 0),
(1848, '338', 88, 11, 2000, 200, 0),
(1849, '339', 88, 11, 2000, 200, 0),
(1850, '340', 88, 11, 2000, 200, 0),
(1851, '341', 88, 11, 2000, 200, 0),
(1852, '342', 88, 11, 2000, 200, 0),
(1853, '343', 88, 11, 2000, 200, 0),
(1854, '344', 88, 11, 2000, 200, 0),
(1855, '345', 88, 11, 2000, 200, 0),
(1856, '346', 88, 11, 2000, 200, 0),
(1857, '347', 88, 11, 2000, 200, 0),
(1858, '348', 88, 11, 2000, 200, 0),
(1859, '349', 88, 11, 2000, 200, 0),
(1860, '350', 88, 11, 2000, 200, 0),
(1861, '351', 88, 11, 2000, 200, 0),
(1862, '352', 88, 11, 2000, 200, 0),
(1863, '353', 88, 11, 2000, 200, 0),
(1864, '354', 88, 11, 2000, 200, 0),
(1865, '355', 88, 11, 2000, 200, 0),
(1866, '356', 88, 11, 2000, 200, 0),
(1867, '357', 88, 11, 2000, 200, 0),
(1868, '358', 88, 11, 2000, 200, 0),
(1869, '359', 88, 11, 2000, 200, 0),
(1870, '360', 88, 11, 2000, 200, 0),
(1871, '361', 88, 11, 2000, 200, 0),
(1872, '362', 88, 11, 2000, 200, 0),
(1873, '363', 88, 11, 2000, 200, 0),
(1874, '364', 88, 12, 1800, 180, 0),
(1875, '365', 88, 12, 1800, 180, 0),
(1876, '366', 88, 12, 1800, 180, 0),
(1877, '367', 88, 12, 1800, 180, 0),
(1878, '368', 88, 12, 1800, 180, 0),
(1879, '369', 88, 12, 1800, 180, 0),
(1880, '370', 88, 12, 1800, 180, 0),
(1881, '371', 88, 12, 1800, 180, 0),
(1882, '372', 88, 12, 1800, 180, 0),
(1883, '373', 88, 12, 1800, 180, 0),
(1884, '374', 88, 12, 1800, 180, 0),
(1885, '375', 88, 12, 1800, 180, 0),
(1886, '376', 88, 12, 1800, 180, 0),
(1887, '377', 88, 12, 1800, 180, 0),
(1888, '378', 88, 12, 1800, 180, 0),
(1889, '379', 88, 12, 1800, 180, 0),
(1890, '380', 88, 12, 1800, 180, 0),
(1891, '381', 88, 12, 1800, 180, 0),
(1892, '382', 88, 12, 1800, 180, 0),
(1893, '383', 88, 12, 1800, 180, 0),
(1894, '384', 88, 12, 1800, 180, 0),
(1895, '385', 88, 12, 1800, 180, 0),
(1896, '386', 88, 12, 1800, 180, 0),
(1897, '387', 88, 12, 1800, 180, 0),
(1898, '388', 88, 12, 1800, 180, 0),
(1899, '389', 88, 12, 1800, 180, 0),
(1900, '390', 88, 12, 1800, 180, 0),
(1901, '391', 88, 12, 1800, 180, 0),
(1902, '392', 88, 12, 1800, 180, 0),
(1903, '393', 88, 12, 1800, 180, 0),
(1904, '394', 88, 12, 1800, 180, 0),
(1905, '395', 88, 12, 1800, 180, 0),
(1906, '396', 88, 12, 1800, 180, 0),
(1907, '01', 62, 1, 1300, 130, 0),
(1908, '02', 62, 1, 1300, 130, 0),
(1909, '03', 62, 1, 1300, 130, 0),
(1910, '04', 62, 1, 1300, 130, 0),
(1911, '05', 62, 1, 1300, 130, 0),
(1912, '06', 62, 1, 1300, 130, 0),
(1913, '07', 62, 1, 1300, 130, 0),
(1914, '08', 62, 1, 1300, 130, 0),
(1915, '09', 62, 1, 1300, 130, 0),
(1916, '10', 62, 1, 1300, 130, 0),
(1917, '11', 62, 2, 1400, 140, 0),
(1918, '12', 62, 2, 1400, 140, 0),
(1919, '13', 62, 2, 1400, 140, 0),
(1920, '14', 62, 2, 1400, 140, 0),
(1921, '15', 62, 2, 1400, 140, 0),
(1922, '16', 62, 2, 1400, 140, 0),
(1923, '17', 62, 2, 1400, 140, 0),
(1924, '18', 62, 2, 1400, 140, 0),
(1925, '19', 62, 2, 1400, 140, 0),
(1926, '20', 62, 2, 1400, 140, 0),
(1927, '21', 62, 3, 1600, 160, 1),
(1928, '22', 62, 3, 1600, 160, 0),
(1929, '23', 62, 3, 1600, 160, 0),
(1930, '24', 62, 3, 1600, 160, 0),
(1931, '25', 62, 3, 1600, 160, 0),
(1932, '26', 62, 3, 1600, 160, 0),
(1933, '27', 62, 3, 1600, 160, 0),
(1934, '28', 62, 3, 1600, 160, 0),
(1935, '29', 62, 3, 1600, 160, 0),
(1936, '30', 62, 3, 1600, 160, 0),
(1937, '31', 62, 4, 1300, 130, 0),
(1938, '32', 62, 4, 1300, 130, 0),
(1939, '33', 62, 4, 1300, 130, 0),
(1940, '34', 62, 4, 1300, 130, 0),
(1941, '35', 62, 4, 1300, 130, 0),
(1942, '36', 62, 4, 1300, 130, 0),
(1943, '37', 62, 4, 1300, 130, 0),
(1944, '38', 62, 4, 1300, 130, 0),
(1945, '39', 62, 4, 1300, 130, 0),
(1946, '40', 62, 4, 1300, 130, 0),
(1947, '41', 62, 5, 1200, 120, 0),
(1948, '42', 62, 5, 1200, 120, 0),
(1949, '43', 62, 5, 1200, 120, 0),
(1950, '44', 62, 5, 1200, 120, 0),
(1951, '45', 62, 5, 1200, 120, 0),
(1952, '46', 62, 5, 1200, 120, 0),
(1953, '47', 62, 5, 1200, 120, 0),
(1954, '48', 62, 5, 1200, 120, 0),
(1955, '49', 62, 5, 1200, 120, 0),
(1956, '50', 62, 5, 1200, 120, 0),
(1957, '01', 61, 1, 1300, 130, 1),
(1958, '02', 61, 1, 1300, 130, 0),
(1959, '03', 61, 1, 1300, 130, 0),
(1960, '04', 61, 1, 1300, 130, 0),
(1961, '05', 61, 1, 1300, 130, 0),
(1962, '06', 61, 1, 1300, 130, 0),
(1963, '07', 61, 1, 1300, 130, 0),
(1964, '08', 61, 1, 1300, 130, 0),
(1965, '09', 61, 1, 1300, 130, 0),
(1966, '10', 61, 1, 1300, 130, 0),
(1967, '11', 61, 1, 1300, 130, 0),
(1968, '12', 61, 1, 1300, 130, 0),
(1969, '13', 61, 1, 1300, 130, 0),
(1970, '14', 61, 1, 1300, 130, 0),
(1971, '15', 61, 1, 1300, 130, 0),
(1972, '16', 61, 1, 1300, 130, 0),
(1973, '17', 61, 1, 1300, 130, 0),
(1974, '18', 61, 1, 1300, 130, 0),
(1975, '19', 61, 1, 1300, 130, 0),
(1976, '20', 61, 1, 1300, 130, 0),
(1977, '21', 61, 1, 1300, 130, 0),
(1978, '22', 61, 1, 1300, 130, 0),
(1979, '23', 61, 1, 1300, 130, 0),
(1980, '24', 61, 1, 1300, 130, 0),
(1981, '25', 61, 2, 1400, 140, 1),
(1982, '26', 61, 2, 1400, 140, 0),
(1983, '27', 61, 2, 1400, 140, 0),
(1984, '28', 61, 2, 1400, 140, 0),
(1985, '29', 61, 2, 1400, 140, 0),
(1986, '30', 61, 2, 1400, 140, 0),
(1987, '31', 61, 2, 1400, 140, 0),
(1988, '32', 61, 2, 1400, 140, 0),
(1989, '33', 61, 2, 1400, 140, 0),
(1990, '34', 61, 2, 1400, 140, 0),
(1991, '35', 61, 2, 1400, 140, 0),
(1992, '36', 61, 2, 1400, 140, 0),
(1993, '37', 61, 2, 1400, 140, 0),
(1994, '38', 61, 2, 1400, 140, 0),
(1995, '39', 61, 2, 1400, 140, 0),
(1996, '40', 61, 2, 1400, 140, 0),
(1997, '41', 61, 2, 1400, 140, 0),
(1998, '42', 61, 2, 1400, 140, 0),
(1999, '43', 61, 2, 1400, 140, 0),
(2000, '44', 61, 2, 1400, 140, 0),
(2001, '45', 61, 2, 1400, 140, 0),
(2002, '46', 61, 2, 1400, 140, 0),
(2003, '47', 61, 2, 1400, 140, 0),
(2004, '48', 61, 2, 1400, 140, 0),
(2005, '49', 61, 3, 1600, 160, 0),
(2006, '50', 61, 3, 1600, 160, 0),
(2007, '51', 61, 3, 1600, 160, 0),
(2008, '52', 61, 3, 1600, 160, 0),
(2009, '53', 61, 3, 1600, 160, 0),
(2010, '54', 61, 3, 1600, 160, 0),
(2011, '55', 61, 3, 1600, 160, 0),
(2012, '56', 61, 3, 1600, 160, 0),
(2013, '57', 61, 3, 1600, 160, 0),
(2014, '58', 61, 3, 1600, 160, 0),
(2015, '59', 61, 3, 1600, 160, 0),
(2016, '60', 61, 3, 1600, 160, 0),
(2017, '61', 61, 3, 1600, 160, 0),
(2018, '62', 61, 3, 1600, 160, 0),
(2019, '63', 61, 3, 1600, 160, 0),
(2020, '64', 61, 3, 1600, 160, 0),
(2021, '65', 61, 3, 1600, 160, 0),
(2022, '66', 61, 3, 1600, 160, 0),
(2023, '67', 61, 3, 1600, 160, 0),
(2024, '68', 61, 3, 1600, 160, 0),
(2025, '69', 61, 3, 1600, 160, 0),
(2026, '70', 61, 3, 1600, 160, 0),
(2027, '71', 61, 3, 1600, 160, 0),
(2028, '72', 61, 3, 1600, 160, 0),
(2029, '73', 61, 4, 1300, 130, 0),
(2030, '74', 61, 4, 1300, 130, 0),
(2031, '75', 61, 4, 1300, 130, 0),
(2032, '76', 61, 4, 1300, 130, 0),
(2033, '77', 61, 4, 1300, 130, 0),
(2034, '78', 61, 4, 1300, 130, 0),
(2035, '79', 61, 4, 1300, 130, 0),
(2036, '80', 61, 4, 1300, 130, 0),
(2037, '81', 61, 4, 1300, 130, 0),
(2038, '82', 61, 4, 1300, 130, 0),
(2039, '83', 61, 4, 1300, 130, 0),
(2040, '84', 61, 4, 1300, 130, 0),
(2041, '85', 61, 4, 1300, 130, 0),
(2042, '86', 61, 4, 1300, 130, 0),
(2043, '87', 61, 4, 1300, 130, 0),
(2044, '88', 61, 4, 1300, 130, 0),
(2045, '89', 61, 4, 1300, 130, 0),
(2046, '90', 61, 4, 1300, 130, 0),
(2047, '91', 61, 4, 1300, 130, 0),
(2048, '92', 61, 4, 1300, 130, 0),
(2049, '93', 61, 4, 1300, 130, 0),
(2050, '94', 61, 4, 1300, 130, 0),
(2051, '95', 61, 4, 1300, 130, 0),
(2052, '96', 61, 4, 1300, 130, 0),
(2053, '97', 61, 5, 1200, 120, 0),
(2054, '98', 61, 5, 1200, 120, 0),
(2055, '99', 61, 5, 1200, 120, 0),
(2056, '100', 61, 5, 1200, 120, 0),
(2057, '101', 61, 5, 1200, 120, 0),
(2058, '102', 61, 5, 1200, 120, 0),
(2059, '103', 61, 5, 1200, 120, 0),
(2060, '104', 61, 5, 1200, 120, 0),
(2061, '105', 61, 5, 1200, 120, 0),
(2062, '106', 61, 5, 1200, 120, 0),
(2063, '107', 61, 5, 1200, 120, 0),
(2064, '108', 61, 5, 1200, 120, 0),
(2065, '109', 61, 5, 1200, 120, 0),
(2066, '110', 61, 5, 1200, 120, 0),
(2067, '111', 61, 5, 1200, 120, 0),
(2068, '112', 61, 5, 1200, 120, 0),
(2069, '113', 61, 5, 1200, 120, 0),
(2070, '114', 61, 5, 1200, 120, 0),
(2071, '115', 61, 5, 1200, 120, 0),
(2072, '116', 61, 5, 1200, 120, 0),
(2073, '117', 61, 5, 1200, 120, 0),
(2074, '118', 61, 5, 1200, 120, 0),
(2075, '119', 61, 5, 1200, 120, 0),
(2076, '120', 61, 5, 1200, 120, 0),
(2077, '121', 61, 6, 1100, 110, 0),
(2078, '122', 61, 6, 1100, 110, 0),
(2079, '123', 61, 6, 1100, 110, 0),
(2080, '124', 61, 6, 1100, 110, 0),
(2081, '125', 61, 6, 1100, 110, 0),
(2082, '126', 61, 6, 1100, 110, 0),
(2083, '127', 61, 6, 1100, 110, 0),
(2084, '128', 61, 6, 1100, 110, 0),
(2085, '129', 61, 6, 1100, 110, 0),
(2086, '130', 61, 6, 1100, 110, 0),
(2087, '131', 61, 6, 1100, 110, 0),
(2088, '132', 61, 6, 1100, 110, 0),
(2089, '133', 61, 6, 1100, 110, 0),
(2090, '134', 61, 6, 1100, 110, 0),
(2091, '135', 61, 6, 1100, 110, 0),
(2092, '136', 61, 6, 1100, 110, 0),
(2093, '137', 61, 6, 1100, 110, 0),
(2094, '138', 61, 6, 1100, 110, 0),
(2095, '139', 61, 6, 1100, 110, 0),
(2096, '140', 61, 6, 1100, 110, 0),
(2097, '141', 61, 6, 1100, 110, 0),
(2098, '142', 61, 6, 1100, 110, 0),
(2099, '143', 61, 6, 1100, 110, 0),
(2100, '144', 61, 6, 1100, 110, 0),
(2101, '01', 83, 1, 500, 50, 0),
(2102, '02', 83, 1, 500, 50, 0),
(2103, '03', 83, 1, 500, 50, 0),
(2104, '04', 83, 1, 500, 50, 0),
(2105, '05', 83, 1, 500, 50, 0),
(2106, '06', 83, 1, 500, 50, 0),
(2107, '07', 83, 1, 500, 50, 0),
(2108, '08', 83, 1, 500, 50, 0),
(2109, '09', 83, 1, 500, 50, 0),
(2110, '10', 83, 1, 500, 50, 0),
(2111, '11', 83, 2, 550, 55, 0),
(2112, '12', 83, 2, 550, 55, 0),
(2113, '13', 83, 2, 550, 55, 0),
(2114, '14', 83, 2, 550, 55, 0),
(2115, '15', 83, 2, 550, 55, 0),
(2116, '16', 83, 2, 550, 55, 0),
(2117, '17', 83, 2, 550, 55, 0),
(2118, '18', 83, 2, 550, 55, 0),
(2119, '19', 83, 2, 550, 55, 0),
(2120, '20', 83, 2, 550, 55, 0),
(2121, '21', 83, 3, 600, 60, 0),
(2122, '22', 83, 3, 600, 60, 0),
(2123, '23', 83, 3, 600, 60, 0),
(2124, '24', 83, 3, 600, 60, 0),
(2125, '25', 83, 3, 600, 60, 0),
(2126, '26', 83, 3, 600, 60, 0),
(2127, '27', 83, 3, 600, 60, 0),
(2128, '28', 83, 3, 600, 60, 0),
(2129, '29', 83, 3, 600, 60, 0),
(2130, '30', 83, 3, 600, 60, 0),
(2131, '31', 83, 4, 450, 45, 0),
(2132, '32', 83, 4, 450, 45, 0),
(2133, '33', 83, 4, 450, 45, 0),
(2134, '34', 83, 4, 450, 45, 0),
(2135, '35', 83, 4, 450, 45, 0),
(2136, '36', 83, 4, 450, 45, 0),
(2137, '37', 83, 4, 450, 45, 0),
(2138, '38', 83, 4, 450, 45, 0),
(2139, '39', 83, 4, 450, 45, 0),
(2140, '40', 83, 4, 450, 45, 0),
(2141, '41', 83, 5, 400, 40, 0),
(2142, '42', 83, 5, 400, 40, 0),
(2143, '43', 83, 5, 400, 40, 0),
(2144, '44', 83, 5, 400, 40, 0),
(2145, '45', 83, 5, 400, 40, 0),
(2146, '46', 83, 5, 400, 40, 0),
(2147, '47', 83, 5, 400, 40, 0),
(2148, '48', 83, 5, 400, 40, 0),
(2149, '49', 83, 5, 400, 40, 0),
(2150, '50', 83, 5, 400, 40, 0),
(2151, '51', 83, 6, 350, 35, 0),
(2152, '52', 83, 6, 350, 35, 0),
(2153, '53', 83, 6, 350, 35, 0),
(2154, '54', 83, 6, 350, 35, 0),
(2155, '55', 83, 6, 350, 35, 0),
(2156, '56', 83, 6, 350, 35, 0),
(2157, '57', 83, 6, 350, 35, 0),
(2158, '58', 83, 6, 350, 35, 0),
(2159, '59', 83, 6, 350, 35, 0),
(2160, '60', 83, 6, 350, 35, 0),
(2161, '01', 63, 1, 1300, 130, 0),
(2162, '02', 63, 1, 1300, 130, 0),
(2163, '03', 63, 1, 1300, 130, 0),
(2164, '04', 63, 1, 1300, 130, 0),
(2165, '05', 63, 1, 1300, 130, 0),
(2166, '06', 63, 1, 1300, 130, 0),
(2167, '07', 63, 1, 1300, 130, 0),
(2168, '08', 63, 1, 1300, 130, 0),
(2169, '09', 63, 1, 1300, 130, 0),
(2170, '10', 63, 2, 1400, 140, 0),
(2171, '11', 63, 2, 1400, 140, 0),
(2172, '12', 63, 2, 1400, 140, 0),
(2173, '13', 63, 2, 1400, 140, 0),
(2174, '14', 63, 2, 1400, 140, 0),
(2175, '15', 63, 2, 1400, 140, 0),
(2176, '16', 63, 2, 1400, 140, 0),
(2177, '17', 63, 2, 1400, 140, 0),
(2178, '18', 63, 2, 1400, 140, 0),
(2179, '19', 63, 3, 1600, 160, 0),
(2180, '20', 63, 3, 1600, 160, 0),
(2181, '21', 63, 3, 1600, 160, 0),
(2182, '22', 63, 3, 1600, 160, 0),
(2183, '23', 63, 3, 1600, 160, 0),
(2184, '24', 63, 3, 1600, 160, 0),
(2185, '25', 63, 3, 1600, 160, 0),
(2186, '26', 63, 3, 1600, 160, 0),
(2187, '27', 63, 3, 1600, 160, 0),
(2188, '28', 63, 4, 1300, 130, 0),
(2189, '29', 63, 4, 1300, 130, 0),
(2190, '30', 63, 4, 1300, 130, 0),
(2191, '31', 63, 4, 1300, 130, 0),
(2192, '32', 63, 4, 1300, 130, 0),
(2193, '33', 63, 4, 1300, 130, 0),
(2194, '34', 63, 4, 1300, 130, 0),
(2195, '35', 63, 4, 1300, 130, 0),
(2196, '36', 63, 4, 1300, 130, 0),
(2197, '37', 63, 5, 1200, 120, 0),
(2198, '38', 63, 5, 1200, 120, 0),
(2199, '39', 63, 5, 1200, 120, 0),
(2200, '40', 63, 5, 1200, 120, 0),
(2201, '41', 63, 5, 1200, 120, 0),
(2202, '42', 63, 5, 1200, 120, 0),
(2203, '43', 63, 5, 1200, 120, 0),
(2204, '44', 63, 5, 1200, 120, 0),
(2205, '45', 63, 5, 1200, 120, 0),
(2206, '46', 63, 6, 1100, 110, 0),
(2207, '47', 63, 6, 1100, 110, 0),
(2208, '48', 63, 6, 1100, 110, 0),
(2209, '49', 63, 6, 1100, 110, 0),
(2210, '50', 63, 6, 1100, 110, 0),
(2211, '51', 63, 6, 1100, 110, 0),
(2212, '52', 63, 6, 1100, 110, 0),
(2213, '53', 63, 6, 1100, 110, 0),
(2214, '54', 63, 6, 1100, 110, 0),
(2215, '01', 81, 4, 10, 0, 0),
(2216, '02', 81, 4, 10, 0, 0),
(2217, '03', 81, 4, 10, 0, 0),
(2218, '04', 81, 4, 10, 0, 0),
(2219, '05', 81, 4, 10, 0, 0),
(2220, '06', 81, 4, 10, 0, 0),
(2221, '07', 81, 3, 10, 0, 0),
(2222, '08', 81, 3, 10, 0, 0),
(2223, '09', 81, 3, 10, 0, 0),
(2224, '10', 81, 3, 10, 0, 0),
(2225, '11', 81, 3, 10, 0, 0),
(2226, '12', 81, 3, 10, 0, 0),
(2227, '13', 81, 2, 10, 0, 0),
(2228, '14', 81, 2, 10, 0, 0),
(2229, '15', 81, 2, 10, 0, 0),
(2230, '16', 81, 2, 10, 0, 0),
(2231, '17', 81, 2, 10, 0, 0),
(2232, '18', 81, 2, 10, 0, 0),
(2233, '19', 81, 1, 10, 0, 0),
(2234, '20', 81, 1, 10, 0, 0),
(2235, '21', 81, 1, 10, 0, 0),
(2236, '22', 81, 1, 10, 0, 0),
(2237, '23', 81, 1, 10, 0, 0),
(2238, '24', 81, 1, 10, 0, 0),
(2240, '01', 90, 4, 950, 95, 0),
(2241, '02', 90, 4, 950, 95, 0),
(2242, '03', 90, 4, 950, 95, 0),
(2243, '04', 90, 4, 950, 95, 0),
(2244, '05', 90, 4, 950, 95, 0),
(2245, '06', 90, 4, 950, 95, 0),
(2246, '07', 90, 3, 1100, 110, 0),
(2247, '08', 90, 3, 1100, 110, 0),
(2248, '09', 90, 3, 1100, 110, 0),
(2249, '10', 90, 3, 1100, 110, 0),
(2250, '11', 90, 3, 1100, 110, 0),
(2251, '12', 90, 3, 1100, 110, 0),
(2252, '13', 90, 2, 1000, 100, 0),
(2253, '14', 90, 2, 1000, 100, 0),
(2254, '15', 90, 2, 1000, 100, 0),
(2255, '16', 90, 2, 1000, 100, 0),
(2256, '17', 90, 2, 1000, 100, 0),
(2257, '18', 90, 2, 1000, 100, 0),
(2258, '19', 90, 1, 950, 95, 0),
(2259, '20', 90, 1, 950, 95, 0),
(2260, '21', 90, 1, 950, 95, 0),
(2261, '22', 90, 1, 950, 95, 0),
(2262, '23', 90, 1, 950, 95, 0),
(2263, '24', 90, 1, 950, 95, 0),
(2265, '01', 91, 4, 950, 95, 0),
(2266, '02', 91, 4, 950, 95, 0),
(2267, '03', 91, 4, 950, 95, 0),
(2268, '04', 91, 4, 950, 95, 0),
(2269, '05', 91, 4, 950, 95, 0),
(2270, '06', 91, 4, 950, 95, 0),
(2271, '07', 91, 3, 1100, 110, 0),
(2272, '08', 91, 3, 1100, 110, 0),
(2273, '09', 91, 3, 1100, 110, 0),
(2274, '10', 91, 3, 1100, 110, 0),
(2275, '11', 91, 3, 1100, 110, 0),
(2276, '12', 91, 3, 1100, 110, 0),
(2277, '13', 91, 2, 1000, 100, 0),
(2278, '14', 91, 2, 1000, 100, 0),
(2279, '15', 91, 2, 1000, 100, 0),
(2280, '16', 91, 2, 1000, 100, 0),
(2281, '17', 91, 2, 1000, 100, 0),
(2282, '18', 91, 2, 1000, 100, 0),
(2283, '19', 91, 1, 950, 95, 0),
(2284, '20', 91, 1, 950, 95, 0),
(2285, '21', 91, 1, 950, 95, 0),
(2286, '22', 91, 1, 950, 95, 0),
(2287, '23', 91, 1, 950, 95, 0),
(2288, '24', 91, 1, 950, 95, 0),
(2290, '01', 92, 4, 950, 95, 0),
(2291, '02', 92, 4, 950, 95, 0),
(2292, '03', 92, 4, 950, 95, 0),
(2293, '04', 92, 4, 950, 95, 0),
(2294, '05', 92, 4, 950, 95, 0),
(2295, '06', 92, 4, 950, 95, 0),
(2296, '07', 92, 3, 1100, 110, 0),
(2297, '08', 92, 3, 1100, 110, 0),
(2298, '09', 92, 3, 1100, 110, 0),
(2299, '10', 92, 3, 1100, 110, 0),
(2300, '11', 92, 3, 1100, 110, 0),
(2301, '12', 92, 3, 1100, 110, 0),
(2302, '13', 92, 2, 1000, 100, 0),
(2303, '14', 92, 2, 1000, 100, 0),
(2304, '15', 92, 2, 1000, 100, 0),
(2305, '16', 92, 2, 1000, 100, 0),
(2306, '17', 92, 2, 1000, 100, 0),
(2307, '18', 92, 2, 1000, 100, 0),
(2308, '19', 92, 1, 950, 95, 0),
(2309, '20', 92, 1, 950, 95, 0),
(2310, '21', 92, 1, 950, 95, 0),
(2311, '22', 92, 1, 950, 95, 0),
(2312, '23', 92, 1, 950, 95, 0),
(2313, '24', 92, 1, 950, 95, 0),
(2314, '01', 93, 4, 950, 95, 0),
(2315, '02', 93, 4, 950, 95, 0),
(2316, '03', 93, 4, 950, 95, 0),
(2317, '04', 93, 4, 950, 95, 0),
(2318, '05', 93, 4, 950, 95, 0),
(2319, '06', 93, 4, 950, 95, 0),
(2320, '07', 93, 4, 950, 95, 0),
(2321, '08', 93, 4, 950, 95, 0),
(2322, '09', 93, 4, 950, 95, 0),
(2323, '10', 93, 3, 1100, 110, 0),
(2324, '11', 93, 3, 1100, 110, 0),
(2325, '12', 93, 3, 1100, 110, 0),
(2326, '13', 93, 3, 1100, 110, 0),
(2327, '14', 93, 3, 1100, 110, 0),
(2328, '15', 93, 3, 1100, 110, 0),
(2329, '16', 93, 3, 1100, 110, 0),
(2330, '17', 93, 3, 1100, 110, 0),
(2331, '18', 93, 3, 1100, 110, 0),
(2332, '19', 93, 2, 1000, 100, 0),
(2333, '20', 93, 2, 1000, 100, 0),
(2334, '21', 93, 2, 1000, 100, 0),
(2335, '22', 93, 2, 1000, 100, 0),
(2336, '23', 93, 2, 1000, 100, 0),
(2337, '24', 93, 2, 1000, 100, 0),
(2338, '25', 93, 2, 1000, 100, 0),
(2339, '26', 93, 2, 1000, 100, 0),
(2340, '27', 93, 2, 1000, 100, 0),
(2341, '28', 93, 1, 950, 95, 0),
(2342, '29', 93, 1, 950, 95, 0),
(2343, '30', 93, 1, 950, 95, 0),
(2344, '31', 93, 1, 950, 95, 0),
(2345, '32', 93, 1, 950, 95, 0),
(2346, '33', 93, 1, 950, 95, 0),
(2347, '34', 93, 1, 950, 95, 0),
(2348, '35', 93, 1, 950, 95, 0),
(2349, '36', 93, 1, 950, 95, 0),
(2350, '01', 85, 5, 350, 35, 0),
(2351, '02', 85, 5, 350, 35, 0),
(2352, '03', 85, 5, 350, 35, 0),
(2353, '04', 85, 5, 350, 35, 0),
(2354, '05', 85, 5, 350, 35, 0),
(2355, '06', 85, 5, 350, 35, 0),
(2356, '07', 85, 5, 350, 35, 0),
(2357, '08', 85, 5, 350, 35, 0),
(2358, '09', 85, 5, 350, 35, 0),
(2359, '10', 85, 5, 350, 35, 0),
(2360, '11', 85, 4, 400, 40, 0),
(2361, '12', 85, 4, 400, 40, 0),
(2362, '13', 85, 4, 400, 40, 0),
(2363, '14', 85, 4, 400, 40, 0),
(2364, '15', 85, 4, 400, 40, 0),
(2365, '16', 85, 4, 400, 40, 0),
(2366, '17', 85, 4, 400, 40, 0),
(2367, '18', 85, 4, 400, 40, 0),
(2368, '19', 85, 4, 400, 40, 0),
(2369, '20', 85, 4, 400, 40, 0),
(2370, '21', 85, 3, 450, 45, 0),
(2371, '22', 85, 3, 450, 45, 0),
(2372, '23', 85, 3, 450, 45, 0),
(2373, '24', 85, 3, 450, 45, 0),
(2374, '25', 85, 3, 450, 45, 0),
(2375, '26', 85, 3, 450, 45, 0),
(2376, '27', 85, 3, 450, 45, 0),
(2377, '28', 85, 3, 450, 45, 0),
(2378, '29', 85, 3, 450, 45, 0),
(2379, '30', 85, 3, 450, 45, 0),
(2380, '31', 85, 2, 400, 40, 0),
(2381, '32', 85, 2, 400, 40, 0),
(2382, '33', 85, 2, 400, 40, 0),
(2383, '34', 85, 2, 400, 40, 0),
(2384, '35', 85, 2, 400, 40, 0),
(2385, '36', 85, 2, 400, 40, 0),
(2386, '37', 85, 2, 400, 40, 0),
(2387, '38', 85, 2, 400, 40, 0),
(2388, '39', 85, 2, 400, 40, 0),
(2389, '40', 85, 2, 400, 40, 0),
(2390, '41', 85, 1, 350, 35, 0),
(2391, '42', 85, 1, 350, 35, 0),
(2392, '43', 85, 1, 350, 35, 0),
(2393, '44', 85, 1, 350, 35, 0),
(2394, '45', 85, 1, 350, 35, 0),
(2395, '46', 85, 1, 350, 35, 0),
(2396, '47', 85, 1, 350, 35, 0),
(2397, '48', 85, 1, 350, 35, 0),
(2398, '49', 85, 1, 350, 35, 0),
(2399, '50', 85, 1, 350, 35, 0),
(2400, '01', 84, 5, 350, 35, 0),
(2401, '02', 84, 5, 350, 35, 0),
(2402, '03', 84, 5, 350, 35, 0),
(2403, '04', 84, 5, 350, 35, 0),
(2404, '05', 84, 5, 350, 35, 0),
(2405, '06', 84, 5, 350, 35, 0),
(2406, '07', 84, 5, 350, 35, 0),
(2407, '08', 84, 5, 350, 35, 0),
(2408, '09', 84, 5, 350, 35, 0),
(2409, '10', 84, 5, 350, 35, 0),
(2410, '11', 84, 4, 400, 40, 0),
(2411, '12', 84, 4, 400, 40, 0),
(2412, '13', 84, 4, 400, 40, 0),
(2413, '14', 84, 4, 400, 40, 0),
(2414, '15', 84, 4, 400, 40, 0),
(2415, '16', 84, 4, 400, 40, 0),
(2416, '17', 84, 4, 400, 40, 0),
(2417, '18', 84, 4, 400, 40, 0),
(2418, '19', 84, 4, 400, 40, 0),
(2419, '20', 84, 4, 400, 40, 0),
(2420, '21', 84, 3, 450, 45, 0),
(2421, '22', 84, 3, 450, 45, 0),
(2422, '23', 84, 3, 450, 45, 0),
(2423, '24', 84, 3, 450, 45, 0),
(2424, '25', 84, 3, 450, 45, 0),
(2425, '26', 84, 3, 450, 45, 0),
(2426, '27', 84, 3, 450, 45, 0),
(2427, '28', 84, 3, 450, 45, 0),
(2428, '29', 84, 3, 450, 45, 0),
(2429, '30', 84, 3, 450, 45, 0),
(2430, '31', 84, 2, 400, 40, 0),
(2431, '32', 84, 2, 400, 40, 0),
(2432, '33', 84, 2, 400, 40, 0),
(2433, '34', 84, 2, 400, 40, 0),
(2434, '35', 84, 2, 400, 40, 0),
(2435, '36', 84, 2, 400, 40, 0),
(2436, '37', 84, 2, 400, 40, 0),
(2437, '38', 84, 2, 400, 40, 0),
(2438, '39', 84, 2, 400, 40, 0),
(2439, '40', 84, 2, 400, 40, 0),
(2440, '41', 84, 1, 350, 35, 0),
(2441, '42', 84, 1, 350, 35, 0),
(2442, '43', 84, 1, 350, 35, 0),
(2443, '44', 84, 1, 350, 35, 0),
(2444, '45', 84, 1, 350, 35, 0),
(2445, '46', 84, 1, 350, 35, 0),
(2446, '47', 84, 1, 350, 35, 0),
(2447, '48', 84, 1, 350, 35, 0),
(2448, '49', 84, 1, 350, 35, 0),
(2449, '50', 84, 1, 350, 35, 0),
(2450, '01', 79, 5, 1100, 110, 0),
(2451, '02', 79, 5, 1100, 110, 0),
(2452, '03', 79, 5, 1100, 110, 0),
(2453, '04', 79, 5, 1100, 110, 0),
(2454, '05', 79, 5, 1100, 110, 0),
(2455, '06', 79, 5, 1100, 110, 0),
(2456, '07', 79, 5, 1100, 110, 0),
(2457, '08', 79, 5, 1100, 110, 0),
(2458, '09', 79, 4, 1200, 120, 0),
(2459, '10', 79, 4, 1200, 120, 0),
(2460, '11', 79, 4, 1200, 120, 0),
(2461, '12', 79, 4, 1200, 120, 0),
(2462, '13', 79, 4, 1200, 120, 0),
(2463, '14', 79, 4, 1200, 120, 0),
(2464, '15', 79, 4, 1200, 120, 0),
(2465, '16', 79, 4, 1200, 120, 0),
(2466, '17', 79, 3, 1300, 130, 0),
(2467, '18', 79, 3, 1300, 130, 0),
(2468, '19', 79, 3, 1300, 130, 0),
(2469, '20', 79, 3, 1300, 130, 0),
(2470, '21', 79, 3, 1300, 130, 0),
(2471, '22', 79, 3, 1300, 130, 0),
(2472, '23', 79, 3, 1300, 130, 0),
(2473, '24', 79, 3, 1300, 130, 0),
(2474, '25', 79, 2, 1200, 120, 0),
(2475, '26', 79, 2, 1200, 120, 0),
(2476, '27', 79, 2, 1200, 120, 0),
(2477, '28', 79, 2, 1200, 120, 0),
(2478, '29', 79, 2, 1200, 120, 0),
(2479, '30', 79, 2, 1200, 120, 0),
(2480, '31', 79, 2, 1200, 120, 0),
(2481, '32', 79, 2, 1200, 120, 0),
(2482, '33', 79, 1, 1100, 110, 0),
(2483, '34', 79, 1, 1100, 110, 0),
(2484, '35', 79, 1, 1100, 110, 0),
(2485, '36', 79, 1, 1100, 110, 0),
(2486, '37', 79, 1, 1100, 110, 0),
(2487, '38', 79, 1, 1100, 110, 0),
(2488, '39', 79, 1, 1100, 110, 0),
(2489, '40', 79, 1, 1100, 110, 0),
(2490, '01', 78, 5, 1100, 110, 0),
(2491, '02', 78, 5, 1100, 110, 0),
(2492, '03', 78, 5, 1100, 110, 0),
(2493, '04', 78, 4, 1200, 120, 0),
(2494, '05', 78, 4, 1200, 120, 0),
(2495, '06', 78, 4, 1200, 120, 0),
(2496, '07', 78, 3, 1300, 130, 0),
(2497, '08', 78, 3, 1300, 130, 0),
(2498, '09', 78, 3, 1300, 130, 0),
(2499, '10', 78, 2, 1200, 120, 0),
(2500, '11', 78, 2, 1200, 120, 0),
(2501, '12', 78, 2, 1200, 120, 0),
(2502, '13', 78, 1, 1100, 110, 0),
(2503, '14', 78, 1, 1100, 110, 0),
(2504, '15', 78, 1, 1100, 110, 0),
(2505, '51', 62, 6, 1100, 110, 0),
(2506, '52', 62, 6, 1100, 110, 0),
(2507, '53', 62, 6, 1100, 110, 0),
(2508, '54', 62, 6, 1100, 110, 0),
(2509, '55', 62, 6, 1100, 110, 0),
(2510, '56', 62, 6, 1100, 110, 0),
(2511, '57', 62, 6, 1100, 110, 0),
(2512, '58', 62, 6, 1100, 110, 0),
(2513, '59', 62, 6, 1100, 110, 0),
(2514, '60', 62, 6, 1100, 110, 0),
(2515, '01', 95, 5, 900, 0, 0),
(2516, '02', 95, 5, 900, 0, 0),
(2517, '03', 95, 5, 900, 0, 0),
(2518, '04', 95, 5, 900, 0, 0),
(2519, '05', 95, 5, 900, 0, 0),
(2520, '06', 95, 5, 900, 0, 0),
(2521, '07', 95, 5, 900, 0, 0),
(2522, '08', 95, 5, 900, 0, 0),
(2523, '09', 95, 5, 900, 0, 0),
(2524, '10', 95, 4, 950, 0, 0),
(2525, '11', 95, 4, 950, 0, 0),
(2526, '12', 95, 4, 950, 0, 0),
(2527, '13', 95, 4, 950, 0, 0),
(2528, '14', 95, 4, 950, 0, 0),
(2529, '15', 95, 4, 950, 0, 0),
(2530, '16', 95, 4, 950, 0, 0),
(2531, '17', 95, 4, 950, 0, 0),
(2532, '18', 95, 4, 950, 0, 0),
(2533, '19', 95, 3, 1100, 0, 0),
(2534, '20', 95, 3, 1100, 0, 0),
(2535, '21', 95, 3, 1100, 0, 0),
(2536, '22', 95, 3, 1100, 0, 0),
(2537, '23', 95, 3, 1100, 0, 0),
(2538, '24', 95, 3, 1100, 0, 0),
(2539, '25', 95, 3, 1100, 0, 0),
(2540, '26', 95, 3, 1100, 0, 0),
(2541, '27', 95, 3, 1100, 0, 0),
(2542, '28', 95, 2, 1000, 0, 0),
(2543, '29', 95, 2, 1000, 0, 0),
(2544, '30', 95, 2, 1000, 0, 0),
(2545, '31', 95, 2, 1000, 0, 0),
(2546, '32', 95, 2, 1000, 0, 0),
(2547, '33', 95, 2, 1000, 0, 0),
(2548, '34', 95, 2, 1000, 0, 0),
(2549, '35', 95, 2, 1000, 0, 0),
(2550, '36', 95, 2, 1000, 0, 0),
(2551, '37', 95, 1, 950, 0, 0),
(2552, '38', 95, 1, 950, 0, 0),
(2553, '39', 95, 1, 950, 0, 0),
(2554, '40', 95, 1, 950, 0, 0),
(2555, '41', 95, 1, 950, 0, 0),
(2556, '42', 95, 1, 950, 0, 0),
(2557, '43', 95, 1, 950, 0, 0),
(2558, '44', 95, 1, 950, 0, 0),
(2559, '45', 95, 1, 950, 0, 0),
(2560, '01', 96, 5, 900, 0, 0),
(2561, '02', 96, 5, 900, 0, 0),
(2562, '03', 96, 5, 900, 0, 0),
(2563, '04', 96, 5, 900, 0, 0),
(2564, '05', 96, 5, 900, 0, 0),
(2565, '06', 96, 5, 900, 0, 0),
(2566, '07', 96, 5, 900, 0, 0),
(2567, '08', 96, 4, 950, 0, 0),
(2568, '09', 96, 4, 950, 0, 0),
(2569, '10', 96, 4, 950, 0, 0),
(2570, '11', 96, 4, 950, 0, 0),
(2571, '12', 96, 4, 950, 0, 0),
(2572, '13', 96, 4, 950, 0, 0),
(2573, '14', 96, 4, 950, 0, 0),
(2574, '15', 96, 3, 1100, 0, 0),
(2575, '16', 96, 3, 1100, 0, 0),
(2576, '17', 96, 3, 1100, 0, 0),
(2577, '18', 96, 3, 1100, 0, 0),
(2578, '19', 96, 3, 1100, 0, 0),
(2579, '20', 96, 3, 1100, 0, 0),
(2580, '21', 96, 3, 1100, 0, 0),
(2581, '22', 96, 2, 1000, 0, 0),
(2582, '23', 96, 2, 1000, 0, 0),
(2583, '24', 96, 2, 1000, 0, 0),
(2584, '25', 96, 2, 1000, 0, 0),
(2585, '26', 96, 2, 1000, 0, 0),
(2586, '27', 96, 2, 1000, 0, 0),
(2587, '28', 96, 2, 1000, 0, 0),
(2588, '29', 96, 1, 950, 0, 0),
(2589, '30', 96, 1, 950, 0, 0),
(2590, '31', 96, 1, 950, 0, 0),
(2591, '32', 96, 1, 950, 0, 0),
(2592, '33', 96, 1, 950, 0, 0),
(2593, '34', 96, 1, 950, 0, 0),
(2594, '35', 96, 1, 950, 0, 0),
(2595, '01', 97, 5, 1100, 110, 0),
(2596, '02', 97, 5, 1100, 110, 0),
(2597, '03', 97, 5, 1100, 110, 0),
(2598, '04', 97, 5, 1100, 110, 0),
(2599, '05', 97, 5, 1100, 110, 0),
(2600, '06', 97, 5, 1100, 110, 0),
(2601, '07', 97, 5, 1100, 110, 0),
(2602, '08', 97, 5, 1100, 110, 0),
(2603, '09', 97, 5, 1100, 110, 0),
(2604, '10', 97, 5, 1100, 110, 0),
(2605, '11', 97, 4, 1200, 120, 0),
(2606, '12', 97, 4, 1200, 120, 0),
(2607, '13', 97, 4, 1200, 120, 0),
(2608, '14', 97, 4, 1200, 120, 0),
(2609, '15', 97, 4, 1200, 120, 0),
(2610, '16', 97, 4, 1200, 120, 0),
(2611, '17', 97, 4, 1200, 120, 0),
(2612, '18', 97, 4, 1200, 120, 0),
(2613, '19', 97, 4, 1200, 120, 0),
(2614, '20', 97, 4, 1200, 120, 0),
(2615, '21', 97, 3, 1300, 130, 0),
(2616, '22', 97, 3, 1300, 130, 0),
(2617, '23', 97, 3, 1300, 130, 0),
(2618, '24', 97, 3, 1300, 130, 0),
(2619, '25', 97, 3, 1300, 130, 0),
(2620, '26', 97, 3, 1300, 130, 0),
(2621, '27', 97, 3, 1300, 130, 0),
(2622, '28', 97, 3, 1300, 130, 0),
(2623, '29', 97, 3, 1300, 130, 0),
(2624, '30', 97, 3, 1300, 130, 0),
(2625, '31', 97, 2, 1200, 120, 0),
(2626, '32', 97, 2, 1200, 120, 0),
(2627, '33', 97, 2, 1200, 120, 0),
(2628, '34', 97, 2, 1200, 120, 0),
(2629, '35', 97, 2, 1200, 120, 0),
(2630, '36', 97, 2, 1200, 120, 0),
(2631, '37', 97, 2, 1200, 120, 0),
(2632, '38', 97, 2, 1200, 120, 0),
(2633, '39', 97, 2, 1200, 120, 0),
(2634, '40', 97, 2, 1200, 120, 0),
(2635, '41', 97, 1, 1100, 110, 0),
(2636, '42', 97, 1, 1100, 110, 0),
(2637, '43', 97, 1, 1100, 110, 0),
(2638, '44', 97, 1, 1100, 110, 0),
(2639, '45', 97, 1, 1100, 110, 0),
(2640, '46', 97, 1, 1100, 110, 0),
(2641, '47', 97, 1, 1100, 110, 0),
(2642, '48', 97, 1, 1100, 110, 0),
(2643, '49', 97, 1, 1100, 110, 0),
(2644, '50', 97, 1, 1100, 110, 0),
(2645, '01', 98, 4, 10, 0, 0),
(2646, '02', 98, 4, 10, 0, 0),
(2647, '03', 98, 4, 10, 0, 0),
(2648, '04', 98, 4, 10, 0, 0),
(2649, '05', 98, 4, 10, 0, 0),
(2650, '06', 98, 4, 10, 0, 0),
(2651, '07', 98, 3, 10, 0, 0),
(2652, '08', 98, 3, 10, 0, 0),
(2653, '09', 98, 3, 10, 0, 0),
(2654, '10', 98, 3, 10, 0, 0),
(2655, '11', 98, 3, 10, 0, 0),
(2656, '12', 98, 3, 10, 0, 0),
(2657, '13', 98, 2, 10, 0, 0),
(2658, '14', 98, 2, 10, 0, 0),
(2659, '15', 98, 2, 10, 0, 0),
(2660, '16', 98, 2, 10, 0, 0),
(2661, '17', 98, 2, 10, 0, 0),
(2662, '18', 98, 2, 10, 0, 0),
(2663, '19', 98, 1, 10, 0, 0),
(2664, '20', 98, 1, 10, 0, 0),
(2665, '21', 98, 1, 10, 0, 0),
(2666, '22', 98, 1, 10, 0, 0),
(2667, '23', 98, 1, 10, 0, 0),
(2668, '24', 98, 1, 10, 0, 0),
(2669, '1', 99, 6, 10, 0, 0),
(2670, '02', 99, 6, 10, 0, 0),
(2671, '03', 99, 6, 10, 0, 0),
(2672, '04', 99, 6, 10, 0, 0),
(2673, '05', 99, 5, 10, 0, 0),
(2674, '06', 99, 5, 10, 0, 0),
(2675, '07', 99, 5, 10, 0, 0),
(2676, '08', 99, 5, 10, 0, 0),
(2677, '09', 99, 4, 10, 0, 0),
(2678, '10', 99, 4, 10, 0, 0),
(2679, '11', 99, 4, 10, 0, 0),
(2680, '12', 99, 4, 10, 0, 0),
(2681, '13', 99, 3, 10, 0, 0),
(2682, '14', 99, 3, 10, 0, 0),
(2683, '15', 99, 3, 10, 0, 0),
(2684, '16', 99, 3, 10, 0, 0),
(2685, '17', 99, 2, 10, 0, 0),
(2686, '18', 99, 2, 10, 0, 0),
(2687, '19', 99, 2, 10, 0, 0),
(2688, '20', 99, 2, 10, 0, 0),
(2689, '21', 99, 1, 10, 0, 0),
(2690, '22', 99, 1, 10, 0, 0),
(2691, '23', 99, 1, 10, 0, 0),
(2692, '24', 99, 1, 10, 0, 0),
(2693, '01', 100, 6, 10, 0, 0),
(2694, '02', 100, 6, 10, 0, 0),
(2695, '03', 100, 6, 10, 0, 0),
(2696, '04', 100, 6, 10, 0, 0),
(2697, '05', 100, 6, 10, 0, 0),
(2698, '06', 100, 6, 10, 0, 0),
(2699, '07', 100, 6, 10, 0, 0),
(2700, '08', 100, 6, 10, 0, 0),
(2701, '09', 100, 6, 10, 0, 0),
(2702, '10', 100, 6, 10, 0, 0),
(2703, '11', 100, 6, 10, 0, 0),
(2704, '12', 100, 6, 10, 0, 0),
(2705, '13', 100, 6, 10, 0, 0),
(2706, '14', 100, 6, 10, 0, 0),
(2707, '15', 100, 5, 10, 0, 0),
(2708, '16', 100, 5, 10, 0, 0),
(2709, '17', 100, 5, 10, 0, 0),
(2710, '18', 100, 5, 10, 0, 0),
(2711, '19', 100, 5, 10, 0, 0),
(2712, '20', 100, 5, 10, 0, 0),
(2713, '21', 100, 5, 10, 0, 0),
(2714, '22', 100, 5, 10, 0, 0),
(2715, '23', 100, 5, 10, 0, 0),
(2716, '24', 100, 5, 10, 0, 0),
(2717, '25', 100, 5, 10, 0, 0),
(2718, '26', 100, 5, 10, 0, 0),
(2719, '27', 100, 5, 10, 0, 0),
(2720, '28', 100, 5, 10, 0, 0),
(2721, '29', 100, 4, 10, 0, 0),
(2722, '30', 100, 4, 10, 0, 0),
(2723, '31', 100, 4, 10, 0, 0),
(2724, '32', 100, 4, 10, 0, 0),
(2725, '33', 100, 4, 10, 0, 0),
(2726, '34', 100, 4, 10, 0, 0),
(2727, '35', 100, 4, 10, 0, 0),
(2728, '36', 100, 4, 10, 0, 0),
(2729, '37', 100, 4, 10, 0, 0),
(2730, '38', 100, 4, 10, 0, 0),
(2731, '39', 100, 4, 10, 0, 0),
(2732, '40', 100, 4, 10, 0, 0),
(2733, '41', 100, 4, 10, 0, 0),
(2734, '42', 100, 4, 10, 0, 0),
(2735, '43', 100, 3, 10, 0, 0),
(2736, '44', 100, 3, 10, 0, 0),
(2737, '45', 100, 3, 10, 0, 0),
(2738, '46', 100, 3, 10, 0, 0),
(2739, '47', 100, 3, 10, 0, 0),
(2740, '48', 100, 3, 10, 0, 0),
(2741, '49', 100, 3, 10, 0, 0),
(2742, '50', 100, 3, 10, 0, 0),
(2743, '51', 100, 3, 10, 0, 0),
(2744, '52', 100, 3, 10, 0, 0),
(2745, '53', 100, 3, 10, 0, 0),
(2746, '54', 100, 3, 10, 0, 0),
(2747, '55', 100, 3, 10, 0, 0),
(2748, '56', 100, 3, 10, 0, 0),
(2749, '57', 100, 2, 10, 0, 0),
(2750, '58', 100, 2, 10, 0, 0),
(2751, '59', 100, 2, 10, 0, 0),
(2752, '60', 100, 2, 10, 0, 0),
(2753, '61', 100, 2, 10, 0, 0),
(2754, '62', 100, 2, 10, 0, 0),
(2755, '63', 100, 2, 10, 0, 0),
(2756, '64', 100, 2, 10, 0, 0),
(2757, '65', 100, 2, 10, 0, 0),
(2758, '66', 100, 2, 10, 0, 0),
(2759, '67', 100, 2, 10, 0, 0),
(2760, '68', 100, 2, 10, 0, 0),
(2761, '69', 100, 2, 10, 0, 0),
(2762, '70', 100, 2, 10, 0, 0),
(2763, '71', 100, 1, 10, 0, 0),
(2764, '72', 100, 1, 10, 0, 0),
(2765, '73', 100, 1, 10, 0, 0),
(2766, '74', 100, 1, 10, 0, 0),
(2767, '75', 100, 1, 10, 0, 0),
(2768, '76', 100, 1, 10, 0, 0),
(2769, '77', 100, 1, 10, 0, 0),
(2770, '78', 100, 1, 10, 0, 0),
(2771, '79', 100, 1, 10, 0, 0),
(2772, '80', 100, 1, 10, 0, 0),
(2773, '81', 100, 1, 10, 0, 0),
(2774, '82', 100, 1, 10, 0, 0),
(2775, '83', 100, 1, 10, 0, 0),
(2776, '84', 100, 1, 10, 0, 0),
(2777, '01', 101, 4, 400, 40, 0),
(2778, '02', 101, 4, 400, 40, 0),
(2779, '03', 101, 4, 400, 40, 0),
(2780, '04', 101, 4, 400, 40, 0),
(2781, '05', 101, 4, 400, 40, 0),
(2782, '06', 101, 4, 400, 40, 0),
(2783, '07', 101, 3, 450, 45, 0),
(2784, '08', 101, 3, 450, 45, 0),
(2785, '09', 101, 3, 450, 45, 0),
(2786, '10', 101, 3, 450, 45, 0),
(2787, '11', 101, 3, 450, 45, 0),
(2788, '12', 101, 3, 450, 45, 0),
(2789, '13', 101, 2, 400, 40, 0),
(2790, '14', 101, 2, 400, 40, 0),
(2791, '15', 101, 2, 400, 40, 0),
(2792, '16', 101, 2, 400, 40, 0),
(2793, '17', 101, 2, 400, 40, 0),
(2794, '18', 101, 2, 400, 40, 0),
(2795, '19', 101, 1, 350, 35, 0),
(2796, '20', 101, 1, 350, 35, 0),
(2797, '21', 101, 1, 350, 35, 0),
(2798, '22', 101, 1, 350, 35, 0),
(2799, '23', 101, 1, 350, 35, 0),
(2800, '24', 101, 1, 350, 35, 0),
(2801, '01', 102, 4, 400, 40, 0),
(2802, '02', 102, 4, 400, 40, 0),
(2803, '03', 102, 4, 400, 40, 0),
(2804, '04', 102, 4, 400, 40, 0),
(2805, '05', 102, 4, 400, 40, 0),
(2806, '06', 102, 4, 400, 40, 0),
(2807, '07', 102, 3, 450, 50, 0),
(2808, '08', 102, 3, 450, 50, 0),
(2809, '09', 102, 3, 450, 50, 0),
(2810, '10', 102, 3, 450, 50, 0),
(2811, '11', 102, 3, 450, 50, 0),
(2812, '12', 102, 3, 450, 50, 0),
(2813, '13', 102, 2, 400, 40, 0),
(2814, '14', 102, 2, 400, 40, 0),
(2815, '15', 102, 2, 400, 40, 0),
(2816, '16', 102, 2, 400, 40, 0),
(2817, '17', 102, 2, 400, 40, 0),
(2818, '18', 102, 2, 400, 40, 0),
(2819, '19', 102, 1, 350, 35, 0),
(2820, '20', 102, 1, 350, 35, 0),
(2821, '21', 102, 1, 350, 35, 0),
(2822, '22', 102, 1, 350, 35, 0),
(2823, '23', 102, 1, 350, 35, 0),
(2824, '24', 102, 1, 350, 35, 0),
(2825, '01', 103, 4, 400, 40, 0),
(2826, '02', 103, 4, 400, 40, 0),
(2827, '03', 103, 4, 400, 40, 0),
(2828, '04', 103, 4, 400, 40, 0),
(2829, '05', 103, 4, 400, 40, 0),
(2830, '06', 103, 4, 400, 40, 0),
(2831, '07', 103, 3, 450, 45, 0),
(2832, '08', 103, 3, 450, 45, 0),
(2833, '09', 103, 3, 450, 45, 0),
(2834, '10', 103, 3, 450, 45, 0),
(2835, '11', 103, 3, 450, 45, 0),
(2836, '12', 103, 3, 450, 45, 0),
(2837, '13', 103, 2, 400, 400, 0),
(2838, '14', 103, 2, 400, 400, 0),
(2839, '15', 103, 2, 400, 400, 0),
(2840, '16', 103, 2, 400, 400, 0),
(2841, '17', 103, 2, 400, 400, 0),
(2842, '18', 103, 2, 400, 400, 0),
(2843, '19', 103, 1, 350, 35, 0),
(2844, '20', 103, 1, 350, 35, 0),
(2845, '21', 103, 1, 350, 35, 0),
(2846, '22', 103, 1, 350, 35, 0),
(2847, '23', 103, 1, 350, 35, 0),
(2848, '24', 103, 1, 350, 35, 0),
(2849, '01', 104, 5, 350, 35, 0),
(2850, '02', 104, 5, 350, 35, 0),
(2851, '03', 104, 5, 350, 35, 0),
(2852, '04', 104, 5, 350, 35, 0),
(2853, '05', 104, 5, 350, 35, 0),
(2854, '06', 104, 5, 350, 35, 0),
(2855, '07', 104, 5, 350, 35, 0),
(2856, '08', 104, 5, 350, 35, 0),
(2857, '09', 104, 5, 350, 35, 0),
(2858, '10', 104, 5, 350, 35, 0),
(2859, '11', 104, 4, 400, 40, 0),
(2860, '12', 104, 4, 400, 40, 0),
(2861, '13', 104, 4, 400, 40, 0),
(2862, '14', 104, 4, 400, 40, 0),
(2863, '15', 104, 4, 400, 40, 0),
(2864, '16', 104, 4, 400, 40, 0),
(2865, '17', 104, 4, 400, 40, 0),
(2866, '18', 104, 4, 400, 40, 0),
(2867, '19', 104, 4, 400, 40, 0),
(2868, '20', 104, 4, 400, 40, 0),
(2869, '21', 104, 3, 450, 45, 0),
(2870, '22', 104, 3, 450, 45, 0),
(2871, '23', 104, 3, 450, 45, 0),
(2872, '24', 104, 3, 450, 45, 0),
(2873, '25', 104, 3, 450, 45, 0),
(2874, '26', 104, 3, 450, 45, 0),
(2875, '27', 104, 3, 450, 45, 0),
(2876, '28', 104, 3, 450, 45, 0),
(2877, '29', 104, 3, 450, 45, 0),
(2878, '30', 104, 3, 450, 45, 0),
(2879, '31', 104, 2, 400, 40, 0),
(2880, '32', 104, 2, 400, 40, 0),
(2881, '33', 104, 2, 400, 40, 0),
(2882, '34', 104, 2, 400, 40, 0),
(2883, '35', 104, 2, 400, 40, 0),
(2884, '36', 104, 2, 400, 40, 0),
(2885, '37', 104, 2, 400, 40, 0),
(2886, '38', 104, 2, 400, 40, 0),
(2887, '39', 104, 2, 400, 40, 0),
(2888, '40', 104, 2, 400, 40, 0),
(2889, '41', 104, 1, 350, 35, 0),
(2890, '42', 104, 1, 350, 35, 0),
(2891, '43', 104, 1, 350, 35, 0),
(2892, '44', 104, 1, 350, 35, 0),
(2893, '45', 104, 1, 350, 35, 0),
(2894, '46', 104, 1, 350, 35, 0),
(2895, '47', 104, 1, 350, 35, 0),
(2896, '48', 104, 1, 350, 35, 0),
(2897, '49', 104, 1, 350, 35, 0),
(2898, '50', 104, 1, 350, 35, 0),
(2899, '01', 105, 5, 350, 35, 0),
(2900, '02', 105, 5, 350, 35, 0),
(2901, '03', 105, 5, 350, 35, 0),
(2902, '04', 105, 5, 350, 35, 0),
(2903, '05', 105, 5, 350, 35, 0),
(2904, '06', 105, 5, 350, 35, 0),
(2905, '07', 105, 5, 350, 35, 0),
(2906, '08', 105, 5, 350, 35, 0),
(2907, '09', 105, 5, 350, 35, 0),
(2908, '10', 105, 5, 350, 35, 0),
(2909, '11', 105, 4, 400, 40, 0),
(2910, '12', 105, 4, 400, 40, 0),
(2911, '13', 105, 4, 400, 40, 0),
(2912, '14', 105, 4, 400, 40, 0),
(2913, '15', 105, 4, 400, 40, 0),
(2914, '16', 105, 4, 400, 40, 0),
(2915, '17', 105, 4, 400, 40, 0),
(2916, '18', 105, 4, 400, 40, 0),
(2917, '19', 105, 4, 400, 40, 0),
(2918, '20', 105, 4, 400, 40, 0),
(2919, '21', 105, 3, 450, 45, 0),
(2920, '22', 105, 3, 450, 45, 0),
(2921, '23', 105, 3, 450, 45, 0),
(2922, '24', 105, 3, 450, 45, 0),
(2923, '25', 105, 3, 450, 45, 0),
(2924, '26', 105, 3, 450, 45, 0),
(2925, '27', 105, 3, 450, 45, 0),
(2926, '28', 105, 3, 450, 45, 0),
(2927, '29', 10, 3, 10, 0, 0),
(2928, '29', 105, 3, 450, 45, 0),
(2929, '31', 105, 2, 400, 40, 0),
(2930, '32', 105, 2, 400, 40, 0),
(2931, '33', 105, 2, 400, 40, 0),
(2932, '34', 105, 2, 400, 40, 0),
(2933, '35', 105, 2, 400, 40, 0),
(2934, '36', 105, 2, 400, 40, 0),
(2935, '37', 105, 2, 400, 40, 0),
(2936, '38', 105, 2, 400, 40, 0),
(2937, '39', 105, 2, 400, 40, 0),
(2938, '40', 105, 2, 400, 40, 0),
(2939, '41', 105, 1, 350, 35, 0),
(2940, '42', 105, 1, 350, 35, 0),
(2941, '43', 105, 1, 350, 35, 0),
(2942, '44', 105, 1, 350, 35, 0),
(2943, '45', 105, 1, 350, 35, 0),
(2944, '46', 105, 1, 350, 35, 0),
(2945, '47', 105, 1, 350, 35, 0),
(2946, '48', 105, 1, 350, 35, 0),
(2947, '49', 105, 1, 350, 35, 0),
(2948, '50', 105, 1, 350, 35, 0),
(2949, '30', 105, 3, 450, 45, 0),
(2950, '01', 106, 5, 350, 35, 0),
(2951, '02', 106, 5, 350, 35, 0),
(2952, '03', 106, 5, 350, 35, 0),
(2953, '04', 106, 5, 350, 35, 0),
(2954, '05', 106, 5, 350, 35, 0),
(2955, '06', 106, 5, 350, 35, 0),
(2956, '07', 106, 5, 350, 35, 0),
(2957, '08', 106, 5, 350, 35, 0),
(2958, '09', 106, 5, 350, 35, 0),
(2959, '10', 106, 5, 350, 35, 0),
(2960, '11', 106, 4, 400, 40, 0),
(2961, '12', 106, 4, 400, 40, 0),
(2962, '13', 106, 4, 400, 40, 0),
(2963, '14', 106, 4, 400, 40, 0),
(2964, '15', 106, 4, 400, 40, 0),
(2965, '16', 106, 4, 400, 40, 0),
(2966, '17', 106, 4, 400, 40, 0),
(2967, '18', 106, 4, 400, 40, 0),
(2968, '19', 106, 4, 400, 40, 0),
(2969, '20', 106, 4, 400, 40, 0),
(2970, '21', 106, 3, 450, 45, 0),
(2971, '22', 106, 3, 450, 45, 0),
(2972, '23', 106, 3, 450, 45, 0),
(2973, '24', 106, 3, 450, 45, 0),
(2974, '25', 106, 3, 450, 45, 0),
(2975, '26', 106, 3, 450, 45, 0),
(2976, '27', 106, 3, 450, 45, 0),
(2977, '28', 106, 3, 450, 45, 0),
(2978, '29', 106, 3, 450, 45, 0),
(2979, '30', 106, 3, 450, 45, 0),
(2980, '31', 106, 2, 400, 40, 0),
(2981, '32', 106, 2, 400, 40, 0),
(2982, '33', 106, 2, 400, 40, 0),
(2983, '34', 106, 2, 400, 40, 0),
(2984, '35', 106, 2, 400, 40, 0),
(2985, '36', 106, 2, 400, 40, 0),
(2986, '37', 106, 2, 400, 40, 0),
(2987, '38', 106, 2, 400, 40, 0),
(2988, '39', 106, 2, 400, 40, 0),
(2989, '40', 106, 2, 400, 40, 0),
(2990, '41', 106, 1, 350, 35, 0),
(2991, '42', 106, 1, 350, 35, 0),
(2992, '43', 106, 1, 350, 35, 0),
(2993, '44', 106, 1, 350, 35, 0),
(2994, '45', 106, 1, 350, 35, 0),
(2995, '46', 106, 1, 350, 35, 0),
(2996, '47', 106, 1, 350, 35, 0),
(2997, '48', 106, 1, 350, 35, 0),
(2998, '49', 106, 1, 350, 35, 0),
(2999, '50', 106, 1, 350, 35, 0),
(3000, '01', 107, 5, 350, 35, 0),
(3001, '02', 107, 5, 350, 35, 0),
(3002, '03', 107, 5, 350, 35, 0),
(3003, '04', 107, 5, 350, 35, 0),
(3004, '05', 107, 5, 350, 35, 0),
(3005, '06', 107, 5, 350, 35, 0),
(3006, '07', 107, 5, 350, 35, 0),
(3007, '08', 107, 5, 350, 35, 0),
(3008, '09', 107, 5, 350, 35, 0),
(3009, '10', 107, 5, 350, 35, 0),
(3010, '11', 107, 4, 400, 40, 0),
(3011, '12', 107, 4, 400, 40, 0),
(3012, '13', 107, 4, 400, 40, 0),
(3013, '14', 107, 4, 400, 40, 0),
(3014, '15', 107, 4, 400, 40, 0),
(3015, '16', 107, 4, 400, 40, 0),
(3016, '17', 107, 4, 400, 40, 0),
(3017, '18', 107, 4, 400, 40, 0),
(3018, '19', 107, 4, 400, 40, 0),
(3019, '20', 107, 4, 400, 40, 0),
(3020, '21', 107, 3, 450, 45, 0),
(3021, '22', 107, 3, 450, 45, 0),
(3022, '23', 107, 3, 450, 45, 0),
(3023, '24', 107, 3, 450, 45, 0),
(3024, '25', 107, 3, 450, 45, 0),
(3025, '26', 107, 3, 450, 45, 0),
(3026, '27', 107, 3, 450, 45, 0),
(3027, '28', 107, 3, 450, 45, 0),
(3028, '29', 107, 3, 450, 45, 0),
(3029, '30', 107, 3, 450, 45, 0),
(3030, '31', 107, 2, 400, 40, 0),
(3031, '32', 107, 2, 400, 40, 0),
(3032, '33', 107, 2, 400, 40, 0),
(3033, '34', 107, 2, 400, 40, 0),
(3034, '35', 107, 2, 400, 40, 0),
(3035, '36', 107, 2, 400, 40, 0),
(3036, '37', 107, 2, 400, 40, 0),
(3037, '38', 107, 2, 400, 40, 0),
(3038, '39', 107, 2, 400, 40, 0),
(3039, '40', 107, 2, 400, 40, 0),
(3040, '41', 107, 1, 350, 35, 0),
(3041, '42', 107, 1, 350, 35, 0),
(3042, '43', 107, 1, 350, 35, 0),
(3043, '44', 107, 1, 350, 35, 0),
(3044, '45', 107, 1, 350, 35, 0),
(3045, '46', 107, 1, 350, 35, 0),
(3046, '47', 107, 1, 350, 35, 0),
(3047, '48', 107, 1, 350, 35, 0),
(3048, '49', 107, 1, 350, 35, 0),
(3049, '50', 107, 1, 350, 35, 0),
(3090, '01', 108, 5, 1100, 110, 0),
(3091, '02', 108, 5, 1100, 110, 0),
(3092, '03', 108, 5, 1100, 110, 0),
(3093, '04', 108, 5, 1100, 110, 0),
(3094, '05', 108, 5, 1100, 110, 0),
(3095, '06', 108, 5, 1100, 110, 0),
(3096, '07', 108, 5, 1100, 110, 0),
(3097, '08', 108, 5, 1100, 110, 0),
(3098, '09', 108, 5, 1100, 110, 0),
(3099, '10', 108, 5, 1100, 110, 0),
(3100, '11', 108, 4, 1200, 120, 0),
(3101, '12', 108, 4, 1200, 120, 0),
(3102, '13', 108, 4, 1200, 120, 0),
(3103, '14', 108, 4, 1200, 120, 0),
(3104, '15', 108, 4, 1200, 120, 0),
(3105, '16', 108, 4, 1200, 120, 0),
(3106, '17', 108, 4, 1200, 120, 0),
(3107, '18', 108, 4, 1200, 120, 0),
(3108, '19', 108, 4, 1200, 120, 0),
(3109, '20', 108, 4, 1200, 120, 0),
(3110, '21', 108, 3, 1300, 130, 0),
(3111, '22', 108, 3, 1300, 130, 0),
(3112, '23', 108, 3, 1300, 130, 0),
(3113, '24', 108, 3, 1300, 130, 0),
(3114, '25', 108, 3, 1300, 130, 0),
(3115, '26', 108, 3, 1300, 130, 0),
(3116, '27', 108, 3, 1300, 130, 0),
(3117, '28', 108, 3, 1300, 130, 0),
(3118, '29', 108, 3, 1300, 130, 0),
(3119, '30', 108, 3, 1300, 130, 0),
(3120, '31', 108, 2, 1200, 120, 0),
(3121, '32', 108, 2, 1200, 120, 0),
(3122, '33', 108, 2, 1200, 120, 0),
(3123, '34', 108, 2, 1200, 120, 0),
(3124, '35', 108, 2, 1200, 120, 0),
(3125, '36', 108, 2, 1200, 120, 0),
(3126, '37', 108, 2, 1200, 120, 0),
(3127, '38', 108, 2, 1200, 120, 0),
(3128, '39', 108, 2, 1200, 120, 0),
(3129, '40', 108, 2, 1200, 120, 0),
(3130, '41', 108, 1, 1100, 110, 0),
(3131, '42', 108, 1, 1100, 110, 0),
(3132, '43', 108, 1, 1100, 110, 0),
(3133, '44', 108, 1, 1100, 110, 0),
(3134, '45', 108, 1, 1100, 110, 0),
(3135, '46', 108, 1, 1100, 110, 0),
(3136, '47', 108, 1, 1100, 110, 0),
(3137, '48', 108, 1, 1100, 110, 0),
(3138, '49', 108, 1, 1100, 110, 0),
(3139, '50', 108, 1, 1100, 110, 0),
(3140, '01', 66, 5, 1200, 120, 0),
(3141, '02', 66, 5, 1200, 120, 0),
(3142, '03', 66, 5, 1200, 120, 0),
(3143, '04', 66, 5, 1200, 120, 0),
(3144, '05', 66, 5, 1200, 120, 0),
(3145, '06', 66, 5, 1200, 120, 0),
(3146, '07', 66, 5, 1200, 120, 0),
(3147, '08', 66, 5, 1200, 120, 0),
(3148, '09', 66, 4, 1300, 130, 0),
(3149, '10', 66, 4, 1300, 130, 0),
(3150, '11', 66, 4, 1300, 130, 0),
(3151, '12', 66, 4, 1300, 130, 0),
(3152, '13', 66, 4, 1300, 130, 0);
INSERT INTO `tnicho` (`id_nicho`, `numero_nicho`, `id_cuartel`, `nivel`, `precio`, `precio_renovacion`, `estado`) VALUES
(3153, '14', 66, 4, 1300, 130, 0),
(3154, '15', 66, 4, 1300, 130, 0),
(3155, '16', 66, 4, 1300, 130, 0),
(3156, '17', 66, 3, 1600, 160, 0),
(3157, '18', 66, 3, 1600, 160, 0),
(3158, '19', 66, 3, 1600, 160, 0),
(3159, '20', 66, 3, 1600, 160, 0),
(3160, '21', 66, 3, 1600, 160, 0),
(3161, '22', 66, 3, 1600, 160, 0),
(3162, '23', 66, 3, 1600, 160, 0),
(3163, '24', 66, 3, 1600, 160, 0),
(3164, '25', 66, 2, 1400, 140, 0),
(3165, '26', 66, 2, 1400, 140, 0),
(3166, '27', 66, 2, 1400, 140, 0),
(3167, '28', 66, 2, 1400, 140, 0),
(3168, '29', 66, 2, 1400, 140, 0),
(3169, '30', 66, 2, 1400, 140, 0),
(3170, '31', 66, 2, 1400, 140, 0),
(3171, '32', 66, 2, 1400, 140, 0),
(3172, '33', 66, 1, 1300, 130, 0),
(3173, '34', 66, 1, 1300, 130, 0),
(3174, '35', 66, 1, 1300, 130, 0),
(3175, '36', 66, 1, 1300, 130, 0),
(3176, '37', 66, 1, 1300, 130, 0),
(3177, '38', 66, 1, 1300, 130, 0),
(3178, '40', 66, 1, 1300, 130, 0),
(3179, '39', 66, 1, 1300, 130, 0),
(3180, '01', 65, 5, 1200, 120, 0),
(3181, '02', 65, 5, 1200, 120, 0),
(3182, '03', 65, 5, 1200, 120, 0),
(3183, '04', 65, 5, 1200, 120, 0),
(3184, '05', 65, 5, 1200, 120, 0),
(3185, '06', 65, 5, 1200, 120, 0),
(3186, '07', 65, 5, 1200, 120, 0),
(3187, '08', 65, 5, 1200, 120, 0),
(3188, '09', 65, 5, 1200, 120, 0),
(3189, '10', 65, 5, 1200, 120, 0),
(3190, '11', 65, 4, 1300, 130, 0),
(3191, '12', 65, 4, 1300, 130, 0),
(3192, '13', 65, 4, 1300, 130, 0),
(3193, '14', 65, 4, 1300, 130, 0),
(3194, '15', 65, 4, 1300, 130, 0),
(3195, '16', 65, 4, 1300, 130, 0),
(3196, '17', 65, 4, 1300, 130, 0),
(3197, '18', 65, 4, 1300, 130, 0),
(3198, '19', 65, 4, 1300, 130, 0),
(3199, '20', 65, 4, 1300, 130, 0),
(3200, '21', 65, 3, 1600, 160, 0),
(3201, '22', 65, 3, 1600, 160, 0),
(3202, '23', 65, 3, 1600, 160, 0),
(3203, '24', 65, 3, 1600, 160, 0),
(3204, '25', 65, 3, 1600, 160, 0),
(3205, '26', 65, 3, 1600, 160, 0),
(3206, '27', 65, 3, 1600, 160, 0),
(3207, '28', 65, 3, 1600, 160, 0),
(3208, '29', 65, 3, 1600, 160, 0),
(3209, '30', 65, 3, 1600, 160, 0),
(3210, '31', 65, 2, 1400, 140, 0),
(3211, '32', 65, 2, 1400, 140, 0),
(3212, '33', 65, 2, 1400, 140, 0),
(3213, '34', 65, 2, 1400, 140, 0),
(3214, '35', 65, 2, 1400, 140, 0),
(3215, '36', 65, 2, 1400, 140, 0),
(3216, '37', 65, 2, 1400, 140, 0),
(3217, '38', 65, 2, 1400, 140, 0),
(3218, '39', 65, 2, 1400, 140, 0),
(3219, '40', 65, 2, 1400, 140, 0),
(3220, '41', 65, 1, 1300, 130, 0),
(3221, '42', 65, 1, 1300, 130, 0),
(3222, '43', 65, 1, 1300, 130, 0),
(3223, '44', 65, 1, 1300, 130, 0),
(3224, '45', 65, 1, 1300, 130, 0),
(3225, '46', 65, 1, 1300, 130, 0),
(3226, '47', 65, 1, 1300, 130, 0),
(3227, '48', 65, 1, 1300, 130, 0),
(3228, '49', 65, 1, 1300, 130, 0),
(3229, '50', 65, 1, 1300, 130, 0),
(3230, '01', 109, 5, 1100, 110, 0),
(3231, '2', 109, 5, 1100, 110, 0),
(3232, '3', 109, 5, 1100, 110, 0),
(3233, '4', 109, 4, 1200, 120, 0),
(3234, '5', 109, 4, 1200, 120, 0),
(3235, '6', 109, 4, 1200, 120, 0),
(3236, '7', 109, 3, 1300, 130, 0),
(3237, '8', 109, 3, 1300, 130, 0),
(3238, '9', 109, 3, 1300, 130, 0),
(3239, '10', 109, 2, 1200, 120, 0),
(3240, '11', 109, 2, 1200, 120, 0),
(3241, '12', 109, 2, 1200, 120, 0),
(3242, '13', 109, 1, 1100, 110, 0),
(3243, '14', 109, 1, 1100, 110, 0),
(3244, '15', 109, 1, 1100, 110, 0),
(3245, '01', 0, 1, 10, 0, 0),
(3246, '01', 113, 1, 10, 0, 0),
(3247, '01', 113, 1, 10, 0, 0),
(3248, '02', 113, 1, 10, 0, 0),
(3249, '03', 113, 1, 10, 0, 0),
(3250, '04', 113, 1, 10, 0, 0),
(3251, '1', 101, 1, 350, 35, 0),
(3252, '2', 101, 1, 350, 35, 0),
(3253, '12', 113, 12, 10, 0, 0),
(3254, '213', 113, 312, 10, 0, 0),
(3255, '1223', 113, 321, 10, 0, 0),
(3256, '122323', 113, 32123, 10, 0, 0),
(3257, '12', 113, 123, 10, 0, 0),
(3258, '1', 113, 1, 10, 0, 0);

-- --------------------------------------------------------

--
-- Estructura de tabla para la tabla `tnicho_detalle`
--

CREATE TABLE `tnicho_detalle` (
  `id_nicho_detalle` int(11) NOT NULL,
  `id_difunto` int(11) NOT NULL,
  `id_nicho` int(11) NOT NULL,
  `fecha_inicio` varchar(120) NOT NULL,
  `fecha_final` varchar(120) NOT NULL,
  `EstadoA` int(11) NOT NULL,
  `Estado_AD` int(11) NOT NULL,
  `Detalle_alquiler` varchar(200) NOT NULL,
  `CantidadAnio` int(11) NOT NULL,
  `MontoAlquiler` decimal(10,0) NOT NULL
) ENGINE=InnoDB DEFAULT CHARSET=latin1;

--
-- Volcado de datos para la tabla `tnicho_detalle`
--

INSERT INTO `tnicho_detalle` (`id_nicho_detalle`, `id_difunto`, `id_nicho`, `fecha_inicio`, `fecha_final`, `EstadoA`, `Estado_AD`, `Detalle_alquiler`, `CantidadAnio`, `MontoAlquiler`) VALUES
(2349, 2373, 952, '2017-09-05', '2018-09-09', 1, 1, 'dfs', 0, '1300'),
(2350, 2374, 928, '2017-09-09', '2019-09-09', 1, 1, 's', 0, '140'),
(2351, 2375, 1957, '2030-12-09', '2032-09-12', 1, 1, 'asdasd', 2, '260'),
(2352, 2376, 3036, '2015-02-14', '2017-09-12', 0, 0, 'dfgdfg', 0, '400'),
(2353, 2377, 1981, '2017-09-17', '2019-09-17', 1, 1, 'nuevo', 0, '1400'),
(2354, 2378, 26, '2017-09-17', '2019-09-17', 1, 1, 'rew', 0, '900'),
(2355, 2379, 229, '2018-01-01', '2020-01-01', 1, 1, 'Monto Cancelado', 2, '260'),
(2356, 2380, 1927, '2018-01-01', '2020-01-01', 1, 1, 'Monto Cancelado', 2, '320'),
(2357, 2381, 940, '2018-01-01', '2018-01-01', 1, 1, 'Monto Cancelado', 0, '160');

-- --------------------------------------------------------

--
-- Estructura de tabla para la tabla `tresponsable`
--

CREATE TABLE `tresponsable` (
  `idresponsable` int(11) NOT NULL,
  `Dni_responsable` int(8) NOT NULL,
  `nombre_responsable` varchar(200) NOT NULL,
  `apellido_responsable` varchar(120) NOT NULL,
  `Direccion_responsable` varchar(120) NOT NULL
) ENGINE=InnoDB DEFAULT CHARSET=latin1;

--
-- Volcado de datos para la tabla `tresponsable`
--

INSERT INTO `tresponsable` (`idresponsable`, `Dni_responsable`, `nombre_responsable`, `apellido_responsable`, `Direccion_responsable`) VALUES
(1, 111111, 'Admin', 'Admin', 'av.Arenas'),
(2, 2312, 'roger ', 'espinoza', 'av tambuerco'),
(3, 213, 'norka', 'roman', 'av castro 123'),
(4, 123433, 'donal', 'roman  gutieres', 'av. jiron lima'),
(5, 223322, 'roger ', 'Donal', 'av cusco 124'),
(6, 111111, 'MCHAEL ALEXANDEww', 'PALOMINO', 'tamburco'),
(7, 111111, 'ALEXANDE', 'PALOMINO', 'tamburco'),
(8, 12345678, 'ROSA', 'DALES', 'GOUS'),
(9, 1234434545, 'RONA ', 'TABARES', 'av castro 123'),
(10, 121121, 'Marta', 'vargas diaz', 'av lima 123'),
(11, 121121, 'roger EQWE', 'pimentelWE', 'av cusco 124'),
(12, 121212121, 'angel', 'soliz perez', 'av lima 123'),
(13, 12323234, 'rosas', 'rojas ', 'av castro 123'),
(14, 8787, 'hola', 'hola', 'hola'),
(15, 0, '', '', ''),
(16, 123, 'JUANA', 'SUAREZ', 'JR CUSCO 123'),
(17, 0, '', '', ''),
(18, 12323123, 'juana', 'michael', 'dasd'),
(19, 0, 'dfdsf', 'sdf', 'sdf'),
(20, 2345678, 'xhgnm', 'fdcgvhb', 'vbn'),
(21, 0, 'jose', 'de tierra', 'av castro 123'),
(22, 2345678, 'sdfghj', 'sdfghjk', 'sdfghjk'),
(23, 111111, 'MCHAEL ALEXANDE', 'PALOMINO', 'AV.CHAL'),
(24, 324, '234', '32', '324'),
(25, 23423, 'sfds', 'sdf', 'sdfsd'),
(26, 23333434, 'rodrigues', 'jose', 'Av. Arco'),
(27, 12232332, 'juan perez', 'rodrigues', 'av castro 123'),
(28, 23232323, 'Carlos', 'Alvares', 'av castro 123'),
(29, 123321, 'juana', 'soto', 'asd'),
(30, 0, '', '', ''),
(31, 122323312, 'michael', 'juan ', 'ale'),
(32, 122323312, 'michael', 'juan ', 'ale'),
(33, 0, '', '', ''),
(34, 123333333, 'rrr', 'rr', 'rrr'),
(35, 232323333, '23', '23', '2323'),
(36, 232323333, 'sd', 'sd', 'sd'),
(37, 323233333, '23', '23', '23'),
(38, 323233333, '23', '23', '23'),
(39, 323233333, '23', '23', '23'),
(40, 323233333, '23', '23', '23'),
(41, 323233333, '23', '23', '23'),
(42, 323233333, '23', '23', '23'),
(43, 323233333, '23', '23', '23'),
(44, 323233333, '23', '23', '23'),
(45, 323233333, '23', '23', '23'),
(46, 2147483647, '2323', '23', '23'),
(47, 2147483647, '2323', '23', '23'),
(48, 2147483647, '2323', '23', '23'),
(49, 2147483647, '2323', '23', '23'),
(50, 2147483647, '2323', '23', '23'),
(51, 2147483647, '2323', '23', '23'),
(52, 1223232333, '232', '23', '23'),
(53, 1223232333, '232', '23', '23'),
(54, 232323333, 'michael nueva', 'michael nueva', 'michael nueva'),
(55, 23233333, 'alexander', 'roman', 'av castro 123'),
(56, 0, '', '', ''),
(57, 0, '', '', ''),
(58, 0, '', '', ''),
(59, 12112122, 'juana', 'juanna', 'asd'),
(60, 12232323, 'asd', 'sad', 'd'),
(61, 12333333, 'as', 'as', 'as'),
(62, 12667777, 'as', 'as', 'as'),
(63, 12457743, 'd', 'd', 'f'),
(64, 12457743, 'd', 'd', 'f'),
(65, 2147483647, 'xcvsdfs', 'qw', 'wqe'),
(66, 1232132323, 'sdf', 'sdf', 'sdf'),
(67, 12344444, 'asd', 'asd', 'asd'),
(68, 232323333, 'sdf', 'sdf', 'sdf'),
(69, 232333333, 'sfdd', 'sdf', 'sdfsfsdf'),
(70, 12323333, 'sd', 'sdf', 'sdf'),
(71, 12323553, 'asdda', 'saslaz', 'asddasd'),
(72, 3131313, 'werwer', 'werwer', 'werwer'),
(73, 1122222222, 'angel', 'navarro rodriguez', 'av castro 123'),
(74, 1323, 'juan', 'ewr', 'ewr'),
(75, 2323, 'sdf', 'sdf', 'sdf'),
(76, 234234343, 'sdf', 'sdf', 'sdf'),
(77, 2323232, 'wer', 'wer', 'ewr');

-- --------------------------------------------------------

--
-- Estructura de tabla para la tabla `tservicios`
--

CREATE TABLE `tservicios` (
  `id_servicios` int(11) NOT NULL,
  `tipo` varchar(100) DEFAULT NULL
) ENGINE=InnoDB DEFAULT CHARSET=latin1;

--
-- Volcado de datos para la tabla `tservicios`
--

INSERT INTO `tservicios` (`id_servicios`, `tipo`) VALUES
(1, 'Renovación de nicho adultos'),
(2, 'Renovación de nicho niños'),
(4, 'Prestación de servicios'),
(5, 'Ingreso a mausoleo/nicho'),
(6, 'Traslado  interno'),
(7, 'Cesión de uso de terreno para mausoleo'),
(8, 'Autorización de transferencia de terreno'),
(9, 'Autorización para construcción'),
(10, 'Otros pagos'),
(11, 'Velatorio'),
(12, 'Traslado Externo');

-- --------------------------------------------------------

--
-- Estructura de tabla para la tabla `usuarios`
--

CREATE TABLE `usuarios` (
  `id_usuario` int(11) NOT NULL,
  `nombres` varchar(250) NOT NULL,
  `apellidos` varchar(250) NOT NULL,
  `email` varchar(250) NOT NULL,
  `password` varchar(250) NOT NULL,
  `tipo_usuario` varchar(100) NOT NULL,
  `photo` varchar(10000) NOT NULL
) ENGINE=InnoDB DEFAULT CHARSET=utf8;

--
-- Volcado de datos para la tabla `usuarios`
--

INSERT INTO `usuarios` (`id_usuario`, `nombres`, `apellidos`, `email`, `password`, `tipo_usuario`, `photo`) VALUES
(37, 'hamely', 'sarmientos ponce ', 'hamelysada@gmail.com', '7110eda4d09e062aa5e4a390b0a572ac0d2c0220', 'Administrador', 'nueva_york1.jpg'),
(38, 'michael', 'pimentel', 'michael101136@gmail.com', 'd41de2ade3d7a6c3692de7e4b6c34a4e872726e0', '', 'nueva_york2.jpg'),
(39, 'hamely', 'ponce ', 'michael101136@gmail.com', '2513935e7c12afd5ac19783e6f8efa1a99132957', '', ''),
(40, 'hamely', 'ponce ', 'michael101136@gmail.com', '8cb2237d0679ca88db6464eac60da96345513964', '', ''),
(41, 'admin', 'admin', 'admin', 'd033e22ae348aeb5660fc2140aec35850c4da997', 'Administrador', ''),
(42, 'beneficencia', 'publica', 'beneficencia@gmail.com', '7110eda4d09e062aa5e4a390b0a572ac0d2c0220', '', ''),
(43, 'hamy', 'sarmiento', 'h_am_ely@hotmail.com', '7c4a8d09ca3762af61e59520943dc26494f8941b', '', ''),
(44, 'tesorera', 'tesorera', 'tesorera@gmail.com', '25502df52313cb6014e440366e0370c5d4a33ffd', 'Tesorera', ''),
(45, 'juana', 'roman', 'juana', '40bd001563085fc35165329ea1ff5c5ecbdbbeef', 'Tesorera', ''),
(46, 'ivan', 'farfan', 'ivan', '40bd001563085fc35165329ea1ff5c5ecbdbbeef', 'Administrador', ''),
(47, 'rosa', 'contreraz', 'tesorera', '7c4a8d09ca3762af61e59520943dc26494f8941b', 'Tesorera', ''),
(48, 'Virgilio', 'carpio flores', 'Virgilio', '40bd001563085fc35165329ea1ff5c5ecbdbbeef', 'Administrador', ''),
(49, 'Edit', 'taipe', 'edit', '7c4a8d09ca3762af61e59520943dc26494f8941b', 'Tesorera', ''),
(50, 'gerson', 'farfan', 'gerson', '4af4cb3c7ce31f9d9523a8fb2b2d850f266f2f8a', '', '');

--
-- Índices para tablas volcadas
--

--
-- Indices de la tabla `empleados`
--
ALTER TABLE `empleados`
  ADD PRIMARY KEY (`id_empleado`),
  ADD KEY `id_usuario` (`id_usuario`);

--
-- Indices de la tabla `factura`
--
ALTER TABLE `factura`
  ADD PRIMARY KEY (`id_factura`),
  ADD KEY `id_tipo_servicio` (`id_tipo_servicio`);

--
-- Indices de la tabla `gantt_tasks`
--
ALTER TABLE `gantt_tasks`
  ADD PRIMARY KEY (`id`);

--
-- Indices de la tabla `pasaje`
--
ALTER TABLE `pasaje`
  ADD PRIMARY KEY (`id_pasaje`);

--
-- Indices de la tabla `tcategoria`
--
ALTER TABLE `tcategoria`
  ADD PRIMARY KEY (`id_categoria`);

--
-- Indices de la tabla `tcuartel`
--
ALTER TABLE `tcuartel`
  ADD PRIMARY KEY (`id_cuartel`);

--
-- Indices de la tabla `tdifunto`
--
ALTER TABLE `tdifunto`
  ADD PRIMARY KEY (`id_difunto`);

--
-- Indices de la tabla `tecnico`
--
ALTER TABLE `tecnico`
  ADD PRIMARY KEY (`idtecnico`);

--
-- Indices de la tabla `thistorial`
--
ALTER TABLE `thistorial`
  ADD PRIMARY KEY (`id_historial`);

--
-- Indices de la tabla `tipo_servicio`
--
ALTER TABLE `tipo_servicio`
  ADD PRIMARY KEY (`id_tipo_servicio`),
  ADD KEY `id_servicios` (`id_servicios`);

--
-- Indices de la tabla `tnicho_detalle`
--
ALTER TABLE `tnicho_detalle`
  ADD PRIMARY KEY (`id_nicho_detalle`);

--
-- Indices de la tabla `tresponsable`
--
ALTER TABLE `tresponsable`
  ADD PRIMARY KEY (`idresponsable`);

--
-- Indices de la tabla `tservicios`
--
ALTER TABLE `tservicios`
  ADD PRIMARY KEY (`id_servicios`);

--
-- Indices de la tabla `usuarios`
--
ALTER TABLE `usuarios`
  ADD PRIMARY KEY (`id_usuario`);

--
-- AUTO_INCREMENT de las tablas volcadas
--

--
-- AUTO_INCREMENT de la tabla `empleados`
--
ALTER TABLE `empleados`
  MODIFY `id_empleado` int(11) NOT NULL AUTO_INCREMENT, AUTO_INCREMENT=3;
--
-- AUTO_INCREMENT de la tabla `factura`
--
ALTER TABLE `factura`
  MODIFY `id_factura` int(11) NOT NULL AUTO_INCREMENT;
--
-- AUTO_INCREMENT de la tabla `gantt_tasks`
--
ALTER TABLE `gantt_tasks`
  MODIFY `id` int(11) NOT NULL AUTO_INCREMENT, AUTO_INCREMENT=4;
--
-- AUTO_INCREMENT de la tabla `pasaje`
--
ALTER TABLE `pasaje`
  MODIFY `id_pasaje` int(11) NOT NULL AUTO_INCREMENT, AUTO_INCREMENT=34;
--
-- AUTO_INCREMENT de la tabla `tcuartel`
--
ALTER TABLE `tcuartel`
  MODIFY `id_cuartel` int(11) NOT NULL AUTO_INCREMENT, AUTO_INCREMENT=110;
--
-- AUTO_INCREMENT de la tabla `tdifunto`
--
ALTER TABLE `tdifunto`
  MODIFY `id_difunto` int(11) NOT NULL AUTO_INCREMENT, AUTO_INCREMENT=2382;
--
-- AUTO_INCREMENT de la tabla `thistorial`
--
ALTER TABLE `thistorial`
  MODIFY `id_historial` int(11) NOT NULL AUTO_INCREMENT, AUTO_INCREMENT=2389;
--
-- AUTO_INCREMENT de la tabla `tipo_servicio`
--
ALTER TABLE `tipo_servicio`
  MODIFY `id_tipo_servicio` int(11) NOT NULL AUTO_INCREMENT, AUTO_INCREMENT=54;
--
-- AUTO_INCREMENT de la tabla `tnicho_detalle`
--
ALTER TABLE `tnicho_detalle`
  MODIFY `id_nicho_detalle` int(11) NOT NULL AUTO_INCREMENT, AUTO_INCREMENT=2358;
--
-- AUTO_INCREMENT de la tabla `tresponsable`
--
ALTER TABLE `tresponsable`
  MODIFY `idresponsable` int(11) NOT NULL AUTO_INCREMENT, AUTO_INCREMENT=78;
--
-- AUTO_INCREMENT de la tabla `tservicios`
--
ALTER TABLE `tservicios`
  MODIFY `id_servicios` int(11) NOT NULL AUTO_INCREMENT, AUTO_INCREMENT=13;
--
-- AUTO_INCREMENT de la tabla `usuarios`
--
ALTER TABLE `usuarios`
  MODIFY `id_usuario` int(11) NOT NULL AUTO_INCREMENT, AUTO_INCREMENT=51;
--
-- Restricciones para tablas volcadas
--

--
-- Filtros para la tabla `empleados`
--
ALTER TABLE `empleados`
  ADD CONSTRAINT `empleados_ibfk_1` FOREIGN KEY (`id_usuario`) REFERENCES `usuarios` (`id_usuario`) ON DELETE CASCADE ON UPDATE CASCADE;

/*!40101 SET CHARACTER_SET_CLIENT=@OLD_CHARACTER_SET_CLIENT */;
/*!40101 SET CHARACTER_SET_RESULTS=@OLD_CHARACTER_SET_RESULTS */;
/*!40101 SET COLLATION_CONNECTION=@OLD_COLLATION_CONNECTION */;
